id	review_es	listen1_es	listen2_es	review_en	listen1_en	listen2_en	review_fr	listen1_fr	listen2_fr
song-011	Strange Fruit obliga a escuchar una escena que el entretenimiento estadounidense prefería mantener fuera del escenario. Billie Holiday canta con una quietud casi ritual: no embellece las imágenes ni ofrece alivio, y el pequeño arreglo avanza como una procesión que deja cada palabra expuesta.	La trompeta amortiguada que prepara un espacio sombrío antes de la voz.	El modo en que la última palabra de cada estrofa queda suspendida.	Strange Fruit forces the listener to face a scene American entertainment preferred to keep offstage. Billie Holiday sings with an almost ritual stillness: she neither prettifies the images nor offers relief, while the small arrangement moves like a procession that leaves every word exposed.	The muted trumpet creating a sombre space before the vocal enters.	The way the final word of each stanza is left hanging.	Strange Fruit impose d’écouter une scène que le divertissement américain préférait tenir hors de ses scènes. Billie Holiday chante avec une immobilité presque rituelle : elle n’embellit aucune image et n’offre aucun soulagement, tandis que le petit ensemble avance comme une procession qui laisse chaque mot à nu.	La trompette bouchée qui installe un espace sombre avant l’entrée de la voix.	La manière dont le dernier mot de chaque strophe reste en suspens.
song-012	La vie en rose no depende solo de una melodía memorable: Édith Piaf hace que la promesa amorosa parezca recién descubierta. Su fraseo pasa de la confidencia al despliegue sin perder cercanía, mientras la orquesta amplía la emoción con discreción y evita convertirla en postal.	La pequeña demora con que Piaf entra sobre algunas frases.	El crecimiento de la orquesta alrededor de la voz, nunca delante de ella.	La vie en rose depends on more than a memorable melody: Édith Piaf makes its promise of love sound newly discovered. Her phrasing moves from confidence to full projection without losing intimacy, while the orchestra enlarges the emotion discreetly and keeps it from becoming a postcard.	Piaf’s slight delay as she enters certain phrases.	The orchestra growing around the voice, never in front of it.	La vie en rose ne repose pas seulement sur une mélodie mémorable : Édith Piaf donne l’impression de découvrir la promesse amoureuse au moment même où elle la chante. Son phrasé passe de la confidence à l’élan sans perdre sa proximité, tandis que l’orchestre amplifie discrètement l’émotion et lui évite de devenir une carte postale.	Le léger retard avec lequel Piaf aborde certaines phrases.	La montée de l’orchestre autour de la voix, jamais devant elle.
song-051	Hoochie Coochie Man convierte una lista de presagios y conquistas en arquitectura musical. Muddy Waters ocupa los silencios con autoridad, Willie Dixon responde con uno de los riffs más reconocibles del blues eléctrico y la banda reserva su fuerza para ataques breves; la tensión nace de todo lo que se retiene.	Los cortes secos que separan cada declaración de su respuesta instrumental.	La armónica que ensancha el riff sin competir con la voz.	Hoochie Coochie Man turns a catalogue of omens and conquests into musical architecture. Muddy Waters occupies the silences with authority, Willie Dixon answers with one of electric blues’s defining riffs, and the band saves its force for brief attacks; the tension comes from everything held back.	The abrupt stops separating each declaration from its instrumental reply.	The harmonica widening the riff without competing with the voice.	Hoochie Coochie Man transforme un catalogue de présages et de conquêtes en architecture musicale. Muddy Waters occupe les silences avec autorité, Willie Dixon répond par l’un des riffs fondateurs du blues électrique et le groupe réserve sa puissance à de brèves attaques ; la tension naît de tout ce qui est retenu.	Les arrêts nets qui séparent chaque déclaration de sa réponse instrumentale.	L’harmonica qui élargit le riff sans rivaliser avec la voix.
song-052	Chega de Saudade parece hablar en voz baja, pero su revolución está en la relación exacta entre cuerpo y tiempo. João Gilberto reduce la samba a una guitarra que contiene percusión, armonía y contratiempo; sobre ella, la voz evita el dramatismo y hace que la saudade suene móvil, no inmóvil.	El pulgar que marca el bajo mientras los acordes desplazan el acento.	Las consonantes suaves con las que la voz conserva intimidad incluso al crecer la melodía.	Chega de Saudade seems to speak quietly, yet its revolution lies in the exact relationship between body and time. João Gilberto reduces samba to a guitar containing percussion, harmony and syncopation; above it, the voice avoids drama and makes saudade sound mobile rather than fixed.	The thumb marking the bass while the chords displace the accent.	The soft consonants that keep the vocal intimate as the melody rises.	Chega de Saudade semble parler à voix basse, mais sa révolution réside dans la relation précise entre le corps et le temps. João Gilberto réduit la samba à une guitare qui réunit percussion, harmonie et contretemps ; au-dessus, la voix refuse le pathos et rend la saudade mobile plutôt qu’immobile.	Le pouce qui marque la basse pendant que les accords déplacent l’accent.	Les consonnes douces qui préservent l’intimité de la voix lorsque la mélodie s’élève.
song-053	What’d I Say empieza como una figura de piano eléctrico y termina como una experiencia compartida. Ray Charles enlaza gospel, blues y baile sin suavizar sus fricciones: cada llamada exige una respuesta más intensa, y la grabación deja oír cómo la banda y las voces convierten la repetición en temperatura.	El timbre percusivo del Wurlitzer, a medio camino entre teclado y sección rítmica.	Los gemidos y respuestas que borran la frontera entre solista, coro y público.	What’d I Say begins as an electric-piano figure and ends as a shared experience. Ray Charles links gospel, blues and dance without smoothing their friction: every call demands a stronger answer, and the recording lets us hear band and voices turn repetition into temperature.	The percussive Wurlitzer tone, halfway between keyboard and rhythm section.	The moans and replies that erase the border among soloist, chorus and audience.	What’d I Say commence par une figure de piano électrique et s’achève en expérience collective. Ray Charles relie gospel, blues et danse sans en lisser les frottements : chaque appel exige une réponse plus intense, et l’enregistrement laisse entendre le groupe et les voix transformer la répétition en température.	Le timbre percussif du Wurlitzer, à mi-chemin entre clavier et section rythmique.	Les gémissements et les réponses qui effacent la frontière entre soliste, chœur et public.
song-013	A Change Is Gonna Come sostiene esperanza y agotamiento en la misma respiración. Sam Cooke lleva la elegancia de su canto hacia un relato atravesado por racismo, miedo y perseverancia; las cuerdas y los metales le dan dimensión histórica, pero son los pequeños quiebres de la voz los que impiden que la canción se vuelva monumento.	La entrada descendente de las cuerdas, solemne sin anunciar triunfo.	El cambio de peso en “It’s been too hard living”, donde la certeza se vuelve experiencia física.	A Change Is Gonna Come holds hope and exhaustion in the same breath. Sam Cooke brings the elegance of his singing to a story marked by racism, fear and perseverance; strings and brass give it historical scale, but the small breaks in his voice keep the song from hardening into a monument.	The descending string entrance, solemn without announcing victory.	The change of weight on “It’s been too hard living”, where conviction becomes physical experience.	A Change Is Gonna Come tient l’espoir et l’épuisement dans un même souffle. Sam Cooke met l’élégance de son chant au service d’un récit traversé par le racisme, la peur et la persévérance ; cordes et cuivres lui donnent une ampleur historique, mais les petites fêlures de la voix l’empêchent de se figer en monument.	L’entrée descendante des cordes, solennelle sans annoncer de victoire.	Le changement de poids sur « It’s been too hard living », où la conviction devient expérience physique.
song-014	Like a Rolling Stone no ofrece distancia entre la acusación y quien la escucha. La caja abre de golpe, el órgano de Al Kooper mantiene una luz inestable alrededor de los versos y Bob Dylan estira cada pregunta hasta que el estribillo deja de ser un remate: se convierte en caída libre.	El órgano que entra ligeramente detrás del pulso y da movimiento a los acordes.	La forma en que cada verso acumula detalles antes de soltar la pregunta central.	Like a Rolling Stone offers no distance between its accusation and the listener. The snare opens the door at once, Al Kooper’s organ casts an unstable light around the verses, and Bob Dylan stretches every question until the chorus stops being a payoff and becomes free fall.	The organ entering slightly behind the beat and setting the chords in motion.	The way each verse piles up detail before releasing the central question.	Like a Rolling Stone ne laisse aucune distance entre l’accusation et la personne qui écoute. La caisse claire ouvre brusquement la porte, l’orgue d’Al Kooper maintient une lumière instable autour des couplets et Bob Dylan étire chaque question jusqu’à ce que le refrain cesse d’être une conclusion pour devenir une chute libre.	L’orgue qui entre légèrement derrière le temps et met les accords en mouvement.	La façon dont chaque couplet accumule les détails avant de libérer la question centrale.
song-018	Sinnerman transforma una súplica espiritual en persecución. Nina Simone establece un patrón de piano que parece inagotable y, durante más de diez minutos, cambia su significado mediante la voz, las palmas y la percusión; cuando el teclado se vuelve casi metálico, la búsqueda de refugio ya ocurre dentro del sonido.	La aceleración imperceptible con la que el ostinato pasa de apoyo a amenaza.	El tramo de palmas y percusión, donde la ausencia momentánea de la voz aumenta la urgencia.	Sinnerman turns a spiritual plea into a chase. Nina Simone establishes a seemingly inexhaustible piano pattern and, for more than ten minutes, changes its meaning through voice, handclaps and percussion; when the keyboard becomes almost metallic, the search for refuge is already happening inside the sound.	The nearly imperceptible acceleration that turns the ostinato from support into threat.	The handclap-and-percussion passage, where the voice’s temporary absence heightens the urgency.	Sinnerman transforme une supplication spirituelle en poursuite. Nina Simone installe un motif de piano apparemment inépuisable et, pendant plus de dix minutes, en modifie le sens par la voix, les claquements de mains et les percussions ; lorsque le clavier devient presque métallique, la recherche d’un refuge se déroule déjà à l’intérieur du son.	L’accélération presque imperceptible qui fait passer l’ostinato du soutien à la menace.	Le passage de claquements de mains et de percussions, où l’absence momentanée de la voix renforce l’urgence.
song-054	Volver a los 17 imagina el amor no como juventud recuperada, sino como una fuerza capaz de desarmar el conocimiento adulto. Violeta Parra enlaza imágenes naturales, contradicciones y una melodía de raíz popular con una voz sin ornamento; el compás que gira sobre sí mismo hace creíble ese regreso imposible.	La acentuación ternaria que mece la letra sin volverla ligera.	Las palabras que Parra prolonga apenas, como si descubriera su sentido al cantarlas.	Volver a los 17 imagines love not as youth recovered but as a force capable of undoing adult knowledge. Violeta Parra links natural images, contradictions and a folk-rooted melody with an unadorned voice; the metre circling back on itself makes that impossible return believable.	The triple accent that rocks the lyric without making it weightless.	The words Parra lengthens slightly, as though discovering their meaning while singing them.	Volver a los 17 imagine l’amour non comme une jeunesse retrouvée, mais comme une force capable de défaire le savoir adulte. Violeta Parra relie images naturelles, contradictions et mélodie populaire avec une voix sans ornement ; la mesure qui revient sur elle-même rend crédible cet impossible retour.	L’accentuation ternaire qui berce le texte sans l’alléger.	Les mots que Parra prolonge à peine, comme si elle en découvrait le sens en les chantant.
song-016	Respect cambia el centro moral de una canción ya existente. Aretha Franklin no espera reconocimiento: organiza piano, metales, coro y deletreo para exigirlo. La precisión del arreglo permite que el humor, el deseo y la autoridad convivan, y que una experiencia doméstica adquiera una fuerza pública sin perder su cuerpo.	Las voces de respuesta que corrigen, empujan y celebran a la solista.	El “sock it to me”, donde ritmo y lenguaje se vuelven una sola demanda.	Respect shifts the moral centre of an existing song. Aretha Franklin does not wait for recognition: she organizes piano, horns, chorus and spelling to demand it. The arrangement’s precision lets humour, desire and authority coexist, turning a domestic experience into public force without losing its body.	The answering voices that correct, propel and celebrate the lead.	The “sock it to me” passage, where rhythm and language become one demand.	Respect déplace le centre moral d’une chanson préexistante. Aretha Franklin n’attend pas la reconnaissance : elle organise piano, cuivres, chœur et épellation pour l’exiger. La précision de l’arrangement fait coexister humour, désir et autorité, transformant une expérience domestique en force publique sans lui retirer son corps.	Les voix de réponse qui corrigent, propulsent et célèbrent la soliste.	Le passage « sock it to me », où rythme et langage deviennent une même exigence.
song-055	Cold Sweat reduce la canción a un sistema de acentos interdependientes. James Brown dirige la banda como si cada guitarra, metal y golpe de batería fuera una pieza de percusión; la armonía casi inmóvil no limita el movimiento, lo concentra en el primer tiempo y en las variaciones mínimas del groove.	El “one”: ese primer golpe común que reordena todo el compás.	La guitarra cortante, pequeña en volumen pero decisiva para el engranaje.	Cold Sweat reduces the song to a system of interdependent accents. James Brown directs the band as if every guitar, horn and drum hit were percussion; the nearly static harmony does not restrict motion but concentrates it on the first beat and the groove’s minute variations.	The “one”: that shared first hit which reorganizes the entire bar.	The clipped guitar, low in volume but decisive to the mechanism.	Cold Sweat réduit la chanson à un système d’accents interdépendants. James Brown dirige le groupe comme si chaque guitare, cuivre et coup de batterie appartenait aux percussions ; l’harmonie presque immobile ne limite pas le mouvement, elle le concentre sur le premier temps et sur les infimes variations du groove.	Le « one » : ce premier impact commun qui réorganise toute la mesure.	La guitare tranchante, discrète dans le mix mais décisive dans l’engrenage.
song-017	A Day in the Life convierte dos fragmentos inconclusos en una forma que ninguno habría alcanzado por separado. La voz distante de John Lennon, la escena cotidiana de Paul McCartney y los ascensos orquestales no intentan fundirse limpiamente: el estudio conserva sus costuras y hace de ellas el tema de la canción.	La batería de Ringo Starr, que comenta la melodía con redobles en vez de marcarla de forma regular.	El acorde final y su larga desaparición, donde el silencio también forma parte de la obra.	A Day in the Life turns two unfinished fragments into a form neither could have reached alone. John Lennon’s distant voice, Paul McCartney’s everyday scene and the orchestral rises do not try to merge cleanly: the studio preserves their seams and makes them the song’s subject.	Ringo Starr’s drums, commenting on the melody with fills rather than marking it regularly.	The final chord and its long decay, where silence becomes part of the work.	A Day in the Life transforme deux fragments inachevés en une forme qu’aucun n’aurait atteinte seul. La voix distante de John Lennon, la scène quotidienne de Paul McCartney et les montées orchestrales ne cherchent pas à se fondre proprement : le studio conserve leurs coutures et en fait le sujet même de la chanson.	La batterie de Ringo Starr, qui commente la mélodie par des roulements au lieu de la marquer régulièrement.	L’accord final et sa longue extinction, où le silence devient partie intégrante de l’œuvre.
song-019	Wichita Lineman encuentra grandeza en un trabajo solitario y una frase que nunca resuelve del todo su deseo. Jimmy Webb sitúa al personaje entre cables, clima y distancia; Glen Campbell canta sin exagerar la soledad, mientras el bajo, las cuerdas y el solo de guitarra sugieren una señal que viaja más lejos que las palabras.	La línea de bajo descendente que da profundidad a un arreglo aparentemente sereno.	El solo en el bajo de seis cuerdas, sonido técnico convertido en voz interior.	Wichita Lineman finds grandeur in solitary work and in a phrase whose longing never fully resolves. Jimmy Webb places the character among wires, weather and distance; Glen Campbell sings without overstating the loneliness, while bass, strings and the guitar solo suggest a signal travelling farther than words.	The descending bass line giving depth to an apparently calm arrangement.	The six-string bass solo, a technical sound transformed into inner voice.	Wichita Lineman trouve de la grandeur dans un travail solitaire et dans une phrase dont le désir ne se résout jamais tout à fait. Jimmy Webb place le personnage parmi les câbles, le climat et la distance ; Glen Campbell chante sans exagérer la solitude, tandis que basse, cordes et solo de guitare suggèrent un signal qui voyage plus loin que les mots.	La ligne de basse descendante qui donne de la profondeur à un arrangement apparemment paisible.	Le solo de basse à six cordes, son technique transformé en voix intérieure.
song-056	A Minha Menina trata la psicodelia como choque, no como niebla. Os Mutantes colocan una guitarra áspera sobre un ritmo de samba que mantiene su ligereza, y las voces se mueven con la naturalidad de una fiesta; la distorsión no tapa la tradición, la vuelve más visible por contraste.	El ataque comprimido de la guitarra, casi como un instrumento de percusión.	Las voces colectivas que conservan el balance aun cuando el timbre se vuelve agresivo.	A Minha Menina treats psychedelia as collision rather than haze. Os Mutantes place a rough guitar over a samba rhythm that retains its lightness, while the voices move with the ease of a party; distortion does not hide tradition but makes it more visible through contrast.	The compressed guitar attack, almost functioning as percussion.	The collective voices preserving the balance even as the timbre turns abrasive.	A Minha Menina aborde le psychédélisme comme une collision plutôt que comme une brume. Os Mutantes posent une guitare rugueuse sur un rythme de samba qui garde sa légèreté, tandis que les voix circulent avec l’aisance d’une fête ; la distorsion ne masque pas la tradition, elle la rend plus visible par contraste.	L’attaque comprimée de la guitare, presque utilisée comme une percussion.	Les voix collectives qui préservent l’équilibre même lorsque le timbre devient agressif.
song-057	Duerme negrito conserva la forma circular de una canción de cuna y la llena con una realidad laboral brutal. Mercedes Sosa canta desde la ternura, no desde la distancia; por eso cada promesa de comida o descanso deja oír también la ausencia de la madre y el costo que sostiene esa calma.	La repetición de la melodía, cada vez menos reconfortante a medida que avanza el relato.	La gravedad de la voz cuando la letra abandona la promesa y nombra el trabajo.	Duerme negrito keeps the circular form of a lullaby and fills it with a brutal reality of labour. Mercedes Sosa sings from tenderness rather than distance; each promise of food or rest therefore also reveals the absent mother and the cost sustaining that calm.	The repeated melody, less comforting each time as the story advances.	The gravity in the voice when the lyric leaves promises behind and names the work.	Duerme negrito conserve la forme circulaire d’une berceuse et la remplit d’une brutale réalité du travail. Mercedes Sosa chante depuis la tendresse, non depuis la distance ; chaque promesse de nourriture ou de repos laisse ainsi entendre l’absence de la mère et le prix qui soutient ce calme.	La répétition de la mélodie, de moins en moins rassurante à mesure que le récit progresse.	La gravité de la voix lorsque le texte quitte la promesse pour nommer le travail.
song-058	Nassam Alayna el-Hawa hace del viento una memoria en movimiento. Fairuz sostiene la melodía con claridad y sin exceso de vibrato, mientras cuerdas, percusión y coro abren el paisaje alrededor de ella; la nostalgia no detiene la canción, la impulsa hacia un lugar que existe tanto en la voz como en el recuerdo.	El ascenso de la melodía sobre una percusión que permanece ligera.	Las respuestas del coro, que convierten una memoria individual en escena compartida.	Nassam Alayna el-Hawa turns the wind into memory in motion. Fairuz holds the melody with clarity and little excess vibrato, while strings, percussion and chorus open the landscape around her; nostalgia does not stop the song but drives it towards a place existing equally in voice and recollection.	The melody rising over percussion that remains light.	The chorus replies turning an individual memory into a shared scene.	Nassam Alayna el-Hawa fait du vent une mémoire en mouvement. Fairuz tient la mélodie avec clarté et sans vibrato excessif, tandis que cordes, percussions et chœur ouvrent le paysage autour d’elle ; la nostalgie n’arrête pas la chanson, elle la pousse vers un lieu qui existe autant dans la voix que dans le souvenir.	La montée de la mélodie au-dessus de percussions qui restent légères.	Les réponses du chœur, qui transforment une mémoire individuelle en scène partagée.
song-066	Cementerio Club mira la muerte con una mezcla difícil de tristeza, humor seco y cercanía. Spinetta evita el dramatismo: canta como quien comparte una imagen privada, mientras la guitarra de blues contesta con frases breves y la banda deja suficiente aire para que la ironía no borre la melancolía.	El quiebre entre el riff áspero y la entrada casi conversada de la voz.	Los silencios de la banda, que permiten que el doble sentido permanezca abierto.	Cementerio Club faces death with a difficult mixture of sadness, dry humour and intimacy. Spinetta avoids drama, singing as though sharing a private image, while the blues guitar answers in short phrases and the band leaves enough air for irony not to erase melancholy.	The break between the rough riff and the almost conversational vocal entrance.	The band’s silences, allowing the double meaning to remain open.	Cementerio Club regarde la mort avec un mélange délicat de tristesse, d’humour sec et de proximité. Spinetta évite le pathos et chante comme s’il confiait une image privée, tandis que la guitare blues répond par de courtes phrases et que le groupe laisse assez d’air pour que l’ironie n’efface pas la mélancolie.	La rupture entre le riff rugueux et l’entrée presque parlée de la voix.	Les silences du groupe, qui laissent le double sens ouvert.
song-067	Águas de Março enumera palos, piedras, lluvia y restos cotidianos hasta construir un mundo entero sin jerarquías. Elis Regina y Tom Jobim no interpretan el texto de la misma manera: se imitan, se corrigen y se hacen reír, de modo que la conversación revela el ingenio rítmico que la lista de palabras podría esconder.	Las entradas que se adelantan una a otra sin romper el pulso de la guitarra.	La risa final, consecuencia musical de una escucha mutua mantenida durante toda la toma.	Águas de Março lists sticks, stones, rain and everyday remnants until it builds an entire world without hierarchy. Elis Regina and Tom Jobim do not read the words the same way: they imitate, correct and amuse each other, turning conversation into the means by which the lyric’s hidden rhythmic wit becomes audible.	The entrances overtaking one another without disturbing the guitar pulse.	The final laughter, a musical consequence of sustained mutual listening throughout the take.	Águas de Março énumère bâtons, pierres, pluie et débris quotidiens jusqu’à construire un monde entier sans hiérarchie. Elis Regina et Tom Jobim ne disent pas le texte de la même façon : ils s’imitent, se corrigent et se font rire, si bien que leur conversation révèle l’ingéniosité rythmique que la liste de mots pourrait dissimuler.	Les entrées qui se devancent sans rompre le rythme de la guitare.	Le rire final, conséquence musicale d’une écoute mutuelle maintenue pendant toute la prise.
song-068	Os Alquimistas Estão Chegando os Alquimistas convierte una procesión imaginaria en groove. Jorge Ben repite la llegada de sus personajes como un conjuro, pero guitarra, bajo y percusión modifican continuamente el peso de la frase; lo circular nunca es inmóvil y la celebración conserva algo de misterio.	La guitarra acústica, tocada con un ataque que funciona a la vez como armonía y percusión.	Los coros que aparecen por capas hasta dar cuerpo colectivo a los alquimistas.	Os Alquimistas Estão Chegando os Alquimistas turns an imaginary procession into groove. Jorge Ben repeats the arrival of his characters like an incantation, yet guitar, bass and percussion continually alter the phrase’s weight; the circular form never stands still, and the celebration retains an element of mystery.	The acoustic guitar attack functioning as harmony and percussion at once.	The choruses arriving in layers until the alchemists acquire a collective body.	Os Alquimistas Estão Chegando os Alquimistas transforme une procession imaginaire en groove. Jorge Ben répète l’arrivée de ses personnages comme une incantation, mais guitare, basse et percussions déplacent sans cesse le poids de la phrase ; la forme circulaire ne reste jamais immobile et la célébration conserve une part de mystère.	L’attaque de la guitare acoustique, qui sert à la fois d’harmonie et de percussion.	Les chœurs qui arrivent par couches jusqu’à donner aux alchimistes un corps collectif.
song-069	Tezeta trabaja con la memoria sin convertirla en confesión. Mulatu Astatke deja que la melodía pase entre vibráfono y metales sobre un pulso contenido, donde cada nota parece observar a la anterior desde otra distancia. El resultado es melancólico, pero también sereno y profundamente físico.	El vibráfono, cuyo brillo enfría y prolonga la melodía.	La batería discreta que mantiene el vaivén sin resolverlo en un groove más enfático.	Tezeta works with memory without turning it into confession. Mulatu Astatke lets the melody pass between vibraphone and horns over a restrained pulse, each note seeming to regard the previous one from a different distance. The result is melancholy but also calm and deeply physical.	The vibraphone, whose brightness cools and extends the melody.	The discreet drums maintaining the sway without resolving it into a more emphatic groove.	Tezeta travaille la mémoire sans la transformer en confession. Mulatu Astatke laisse la mélodie circuler entre vibraphone et cuivres sur un rythme retenu, chaque note semblant observer la précédente depuis une autre distance. Le résultat est mélancolique, mais aussi serein et profondément physique.	Le vibraphone, dont l’éclat refroidit et prolonge la mélodie.	La batterie discrète qui maintient le balancement sans le résoudre en un groove plus appuyé.
song-070	Water No Get Enemy parte de un proverbio sencillo y lo expande hasta volverlo argumento político, celebración y prueba de resistencia física. Fela Kuti no conduce la pieza hacia un estribillo rápido: permite que bajo, guitarras, metales y voces encuentren su sitio durante una larga acumulación cuyo poder depende de la paciencia.	La línea de bajo que mantiene su identidad mientras todo a su alrededor aumenta de densidad.	Las entradas escalonadas de los metales, más cercanas a una discusión que a un adorno.	Water No Get Enemy begins with a simple proverb and expands it into political argument, celebration and a test of physical endurance. Fela Kuti does not hurry the piece towards a chorus: he lets bass, guitars, horns and voices find their place through a long accumulation whose power depends on patience.	The bass line retaining its identity as everything around it grows denser.	The staggered horn entrances, closer to an argument than to decoration.	Water No Get Enemy part d’un proverbe simple et l’élargit jusqu’à en faire argument politique, célébration et épreuve d’endurance physique. Fela Kuti ne précipite pas le morceau vers un refrain : il laisse basse, guitares, cuivres et voix trouver leur place au cours d’une longue accumulation dont la puissance dépend de la patience.	La ligne de basse qui conserve son identité tandis que tout s’épaissit autour d’elle.	Les entrées successives des cuivres, plus proches d’une discussion que d’un ornement.
song-071	O Mundo É um Moinho entrega una advertencia devastadora con una melodía de extraordinaria suavidad. Cartola no eleva la voz ni juzga al personaje al que se dirige; canta desde el afecto y la experiencia, mientras la samba avanza con una elegancia que vuelve más doloroso cada pronóstico.	El descenso melódico que parece aceptar aquello que la letra quisiera evitar.	La dicción tranquila de Cartola, capaz de hacer íntima una advertencia absoluta.	O Mundo É um Moinho delivers a devastating warning through an extraordinarily gentle melody. Cartola neither raises his voice nor judges the person he addresses; he sings from affection and experience while the samba moves with an elegance that makes every prediction more painful.	The descending melody seeming to accept what the words would rather prevent.	Cartola’s calm diction, able to make an absolute warning intimate.	O Mundo É um Moinho livre un avertissement dévastateur sur une mélodie d’une douceur extraordinaire. Cartola n’élève pas la voix et ne juge pas la personne à qui il s’adresse ; il chante depuis l’affection et l’expérience, tandis que la samba avance avec une élégance qui rend chaque présage plus douloureux.	La mélodie descendante, qui semble accepter ce que le texte voudrait empêcher.	La diction paisible de Cartola, capable de rendre intime un avertissement absolu.
song-072	Amelia superpone el vuelo de una aviadora, un viaje por carretera y la dificultad de permanecer junto a alguien. Joni Mitchell hace que las afinaciones abiertas produzcan un horizonte en movimiento; el bajo sin trastes de Jaco Pastorius no ancla la canción, la acompaña como otra ruta que se curva bajo la voz.	Los armónicos de guitarra que abren espacio entre las imágenes del texto.	El bajo que sube y desciende con independencia, sin disputar el centro narrativo.	Amelia overlays an aviator’s flight, a road journey and the difficulty of remaining beside someone. Joni Mitchell makes open tunings produce a horizon in motion; Jaco Pastorius’s fretless bass does not anchor the song but accompanies it like another road curving beneath the voice.	The guitar harmonics opening space among the lyric’s images.	The bass rising and falling independently without contesting the narrative centre.	Amelia superpose le vol d’une aviatrice, un voyage sur la route et la difficulté de rester auprès de quelqu’un. Joni Mitchell fait des accords ouverts un horizon en mouvement ; la basse fretless de Jaco Pastorius n’ancre pas la chanson, elle l’accompagne comme une autre route qui se courbe sous la voix.	Les harmoniques de guitare qui ouvrent de l’espace entre les images du texte.	La basse qui monte et descend avec indépendance sans disputer le centre narratif.
song-022	As mide la permanencia del amor con imágenes imposibles y la convierte, poco a poco, en una experiencia colectiva. Stevie Wonder parte de una declaración cercana, pero el cambio de sección, el coro y la intensificación rítmica desplazan la canción desde la pareja hacia una promesa capaz de incluir a toda la sala.	El bajo de Nathan Watts, melódico y firme debajo de una armonía que no deja de moverse.	La transición hacia el coro final, donde la repetición aumenta la escala sin vaciar las palabras.	As measures enduring love through impossible images and gradually turns it into a collective experience. Stevie Wonder begins with an intimate declaration, but the sectional change, chorus and rhythmic intensification move the song from the couple towards a promise able to include the whole room.	Nathan Watts’s bass, melodic and firm beneath harmony that never stops moving.	The transition into the final chorus, where repetition enlarges the scale without emptying the words.	As mesure la permanence de l’amour à l’aide d’images impossibles et la transforme peu à peu en expérience collective. Stevie Wonder part d’une déclaration intime, mais le changement de section, le chœur et l’intensification rythmique déplacent la chanson du couple vers une promesse capable d’inclure toute la salle.	La basse de Nathan Watts, mélodique et ferme sous une harmonie toujours en mouvement.	La transition vers le chœur final, où la répétition agrandit l’échelle sans vider les mots.
song-021	Sound and Vision organiza una espera: batería tratada, bajo, guitarra y sintetizadores ocupan el escenario mucho antes de que David Bowie diga una palabra. Cuando entra la voz, breve y casi distraída, el arreglo luminoso queda atravesado por una imagen de aislamiento; esa diferencia de temperatura es el centro de la canción.	La voz de Mary Hopkin, convertida en color antes de que aparezca el narrador.	La tardía entrada de Bowie, que obliga a reinterpretar todo el tramo instrumental.	Sound and Vision organizes a wait: treated drums, bass, guitar and synthesizers occupy the stage long before David Bowie says a word. When his brief, almost distracted voice arrives, the bright arrangement is crossed by an image of isolation; that difference in temperature is the song’s centre.	Mary Hopkin’s voice, used as colour before the narrator appears.	Bowie’s late entrance, forcing a reinterpretation of the entire instrumental opening.	Sound and Vision organise une attente : batterie traitée, basse, guitare et synthétiseurs occupent la scène bien avant que David Bowie ne prononce un mot. Lorsque sa voix brève, presque distraite, apparaît, l’arrangement lumineux est traversé par une image d’isolement ; cet écart de température constitue le cœur de la chanson.	La voix de Mary Hopkin, transformée en couleur avant l’apparition du narrateur.	L’entrée tardive de Bowie, qui oblige à réinterpréter toute l’ouverture instrumentale.
song-073	Soweto Blues hace que la música bailable cargue una noticia insoportable sin volverla espectáculo. Miriam Makeba canta sobre la violencia del levantamiento de Soweto con claridad directa; las respuestas vocales y el pulso de Hugh Masekela sostienen una comunidad sonora que se niega a ser reducida al duelo.	El contraste entre la agilidad rítmica y la gravedad de cada nombre e imagen.	Las respuestas del coro, que convierten el testimonio en memoria compartida.	Soweto Blues makes dance music carry unbearable news without turning it into spectacle. Miriam Makeba sings of the violence surrounding the Soweto uprising with direct clarity; the vocal replies and Hugh Masekela’s pulse sustain a sonic community refusing to be reduced to mourning.	The contrast between rhythmic agility and the weight of every name and image.	The chorus replies turning testimony into shared memory.	Soweto Blues fait porter à une musique dansante une nouvelle insoutenable sans la transformer en spectacle. Miriam Makeba chante la violence du soulèvement de Soweto avec une clarté directe ; les réponses vocales et le rythme de Hugh Masekela soutiennent une communauté sonore qui refuse d’être réduite au deuil.	Le contraste entre l’agilité rythmique et le poids de chaque nom, de chaque image.	Les réponses du chœur, qui transforment le témoignage en mémoire partagée.
song-074	Pablo Pueblo sigue a un trabajador durante el regreso a casa y hace de la salsa una forma de crónica urbana. Rubén Blades no observa a su personaje desde arriba: ajusta el fraseo al cansancio, a la calle y a los pensamientos interrumpidos; Willie Colón convierte metales y coros en el entorno que comenta su recorrido.	El inicio contenido, que deja caminar al personaje antes de que la orquesta se abra.	Los coros que no adornan el relato: representan la presión de una realidad colectiva.	Pablo Pueblo follows a worker on his way home and turns salsa into urban chronicle. Rubén Blades does not look down on his character: he adjusts his phrasing to fatigue, the street and interrupted thoughts; Willie Colón turns horns and choruses into the surroundings commenting on his route.	The restrained opening, letting the character walk before the orchestra opens out.	The choruses that do not decorate the story but embody collective pressure.	Pablo Pueblo suit un travailleur sur le chemin du retour et fait de la salsa une chronique urbaine. Rubén Blades ne regarde pas son personnage d’en haut : il adapte son phrasé à la fatigue, à la rue et aux pensées interrompues ; Willie Colón transforme cuivres et chœurs en un décor qui commente son trajet.	L’ouverture retenue, qui laisse marcher le personnage avant que l’orchestre ne s’ouvre.	Les chœurs qui n’ornent pas le récit, mais incarnent la pression d’une réalité collective.
song-075	4:00A.M. retrata la madrugada sin recurrir al silencio: Taeko Ohnuki la llena de bajo elástico, acordes suspendidos y pequeños destellos de estudio. La voz permanece serena en medio de ese movimiento, como si el insomnio hubiese agudizado cada sonido sin volverlo más cercano.	El bajo que enlaza los acordes con más información de la que ofrece la batería.	Las capas de teclado que aparecen como luces aisladas, no como una pared continua.	4:00A.M. portrays the small hours without resorting to silence: Taeko Ohnuki fills them with elastic bass, suspended chords and small studio glints. Her voice remains calm amid that motion, as though sleeplessness had sharpened every sound without bringing it any closer.	The bass connecting the chords with more information than the drums provide.	The keyboard layers appearing like isolated lights rather than a continuous wall.	4:00A.M. dépeint la nuit profonde sans recourir au silence : Taeko Ohnuki la remplit d’une basse élastique, d’accords suspendus et de petits éclats de studio. La voix reste calme au milieu de ce mouvement, comme si l’insomnie avait aiguisé chaque son sans le rapprocher.	La basse qui relie les accords avec davantage d’informations que la batterie.	Les couches de clavier qui apparaissent comme des lumières isolées plutôt que comme un mur continu.
song-076	I Can’t Help It encuentra una zona donde la precisión de Quincy Jones y la ligereza de Michael Jackson no se anulan. La composición de Stevie Wonder avanza sobre armonías cambiantes y un bajo sincopado; Jackson canta por encima del arreglo con una suavidad que hace parecer inevitable cada giro difícil.	El bajo que desplaza el acento bajo una melodía vocal de movimiento más largo.	Las voces dobladas, usadas como sombra y no como simple refuerzo.	I Can’t Help It finds a place where Quincy Jones’s precision and Michael Jackson’s lightness do not cancel each other out. Stevie Wonder’s composition moves across changing harmony and syncopated bass; Jackson sings above the arrangement with a softness that makes every difficult turn seem inevitable.	The bass shifting the accent beneath a vocal melody moving in longer arcs.	The doubled vocals used as shadow rather than simple reinforcement.	I Can’t Help It trouve une zone où la précision de Quincy Jones et la légèreté de Michael Jackson ne s’annulent pas. La composition de Stevie Wonder avance sur des harmonies changeantes et une basse syncopée ; Jackson chante au-dessus de l’arrangement avec une douceur qui rend inévitable chaque détour difficile.	La basse qui déplace l’accent sous une mélodie vocale aux mouvements plus longs.	Les voix doublées, employées comme ombre plutôt que comme simple renfort.
song-077	Behind the Mask no usa el vocoder para ocultar la emoción, sino para situarla dentro de una máquina. Yellow Magic Orchestra construye un pulso exacto, pero bajo, melodía y pequeños desplazamientos de textura impiden que la exactitud se vuelva rígida; lo humano aparece en la forma de programar el movimiento.	La voz procesada, cuya melodía conserva expresión aunque desaparezca el rostro del cantante.	El bajo que redondea la cuadrícula rítmica y evita que el arreglo suene plano.	Behind the Mask uses the vocoder not to hide emotion but to place it inside a machine. Yellow Magic Orchestra builds an exact pulse, yet bass, melody and small textural shifts keep accuracy from becoming rigid; the human element lies in how movement is programmed.	The processed voice, whose melody retains expression after the singer’s face disappears.	The bass rounding out the rhythmic grid and keeping the arrangement from sounding flat.	Behind the Mask n’utilise pas le vocodeur pour cacher l’émotion, mais pour la placer à l’intérieur d’une machine. Yellow Magic Orchestra construit un rythme exact, pourtant la basse, la mélodie et de petits déplacements de texture empêchent cette précision de devenir rigide ; l’humain apparaît dans la manière de programmer le mouvement.	La voix traitée, dont la mélodie garde son expression après la disparition du visage du chanteur.	La basse qui arrondit la grille rythmique et évite que l’arrangement ne devienne plat.
song-078	Riot in Lagos imagina una ciudad electrónica mediante fricción, no mediante descripción. Ryuichi Sakamoto cruza cajas de ritmos, bajos sintéticos, timbres metálicos y acentos desplazados; ninguna capa domina por mucho tiempo, de modo que la pieza parece reorganizar su propio mapa mientras avanza.	Los golpes secos que caen fuera del lugar esperado y alteran la sensación de compás.	Los cambios de timbre del bajo, responsables de buena parte de la narrativa sin palabras.	Riot in Lagos imagines an electronic city through friction rather than description. Ryuichi Sakamoto crosses drum machines, synthetic bass, metallic timbres and displaced accents; no layer dominates for long, so the piece seems to redraw its own map as it moves.	The dry hits landing outside the expected place and altering the sense of metre.	The bass timbre changes carrying much of the wordless narrative.	Riot in Lagos imagine une ville électronique par le frottement plutôt que par la description. Ryuichi Sakamoto croise boîtes à rythmes, basses synthétiques, timbres métalliques et accents déplacés ; aucune couche ne domine longtemps, si bien que le morceau semble redessiner sa propre carte en avançant.	Les coups secs placés hors de l’endroit attendu, qui modifient la perception de la mesure.	Les changements de timbre de la basse, responsables d’une grande part du récit sans paroles.
song-079	The Great Curve no construye un muro de sonido: organiza muchas líneas que corren a velocidades distintas. Talking Heads, Brian Eno y los músicos invitados convierten guitarras, percusiones y voces en ciclos que se rozan sin coincidir por completo; el trance surge de esa diferencia, no de una repetición idéntica.	Las guitarras de Adrian Belew, que atraviesan el patrón como destellos animales.	Las voces superpuestas que multiplican el pulso en vez de limitarse a repetir el coro.	The Great Curve does not build a wall of sound; it organizes many lines moving at different speeds. Talking Heads, Brian Eno and the guest musicians turn guitars, percussion and voices into cycles that brush against one another without fully aligning; trance comes from that difference, not from identical repetition.	Adrian Belew’s guitars cutting across the pattern like animal flashes.	The layered voices multiplying the pulse rather than merely repeating the chorus.	The Great Curve ne construit pas un mur de son : le morceau organise de nombreuses lignes qui avancent à des vitesses différentes. Talking Heads, Brian Eno et les musiciens invités transforment guitares, percussions et voix en cycles qui se frôlent sans coïncider tout à fait ; la transe naît de cet écart, non d’une répétition identique.	Les guitares d’Adrian Belew, qui traversent le motif comme des éclairs animaux.	Les voix superposées qui multiplient le rythme au lieu de simplement répéter le refrain.
song-080	A Forest convierte la búsqueda de una presencia ausente en una forma musical que tampoco encuentra salida. The Cure repite una figura descendente sobre bajo y batería contenidos; Robert Smith canta con distancia, pero cada vuelta aumenta la sensación de internarse en un espacio donde las referencias se parecen demasiado entre sí.	La guitarra que reaparece con el mismo contorno mientras cambia su peso emocional.	El final abierto, donde el bajo sigue caminando después de que la narración ya no ofrece respuesta.	A Forest turns the search for an absent presence into a musical form that also finds no exit. The Cure repeats a descending figure over restrained bass and drums; Robert Smith sings at a distance, yet every return increases the feeling of entering a space where all landmarks look too similar.	The guitar returning with the same contour while its emotional weight changes.	The open ending, where the bass keeps walking after the story no longer offers an answer.	A Forest transforme la recherche d’une présence absente en une forme musicale qui, elle non plus, ne trouve pas d’issue. The Cure répète une figure descendante sur une basse et une batterie retenues ; Robert Smith chante à distance, mais chaque retour renforce l’impression de pénétrer dans un espace où tous les repères se ressemblent trop.	La guitare qui revient avec le même contour tandis que son poids émotionnel change.	La fin ouverte, où la basse continue de marcher après que le récit a cessé d’offrir une réponse.
song-081	La poderosa muerte no musicaliza a Neruda desde afuera: convierte la ascensión de sus imágenes en una transformación interna de la banda. Los Jaivas parten de una atmósfera contenida y suman quena, trutruca, teclados, guitarras y percusión hasta que el paisaje andino deja de ser fondo y se vuelve la escala misma de la obra.	La quena, cuya entrada cambia el espacio antes de que aumente el volumen.	La acumulación final, donde los instrumentos tradicionales no decoran el rock: modifican su dirección.	La poderosa muerte does not set Neruda to music from the outside; it turns the ascent of his images into an internal transformation of the band. Los Jaivas begin in a restrained atmosphere and add quena, trutruca, keyboards, guitars and percussion until the Andean landscape stops being background and becomes the work’s very scale.	The quena, whose entrance changes the space before the volume rises.	The final accumulation, where traditional instruments do not decorate rock but redirect it.	La poderosa muerte ne met pas Neruda en musique depuis l’extérieur : le morceau transforme l’ascension de ses images en mutation interne du groupe. Los Jaivas partent d’une atmosphère retenue et ajoutent quena, trutruca, claviers, guitares et percussions jusqu’à ce que le paysage andin cesse d’être un décor pour devenir l’échelle même de l’œuvre.	La quena, dont l’entrée modifie l’espace avant que le volume n’augmente.	L’accumulation finale, où les instruments traditionnels ne décorent pas le rock mais en changent la direction.
song-082	Temptation conserva la torpeza emotiva del post-punk dentro de una música que ya mira hacia la pista de baile. New Order programa un impulso firme, pero las guitarras se abren, el bajo canta y Bernard Sumner entra con una vulnerabilidad que ninguna máquina corrige; la euforia funciona porque nunca queda del todo controlada.	El bajo melódico de Peter Hook, situado por encima del registro que normalmente sostiene el groove.	Los gritos y pequeñas inexactitudes vocales que vuelven irrepetible una estructura programada.	Temptation preserves post-punk’s emotional awkwardness inside music already looking towards the dance floor. New Order programs a firm drive, but guitars open out, the bass sings and Bernard Sumner enters with a vulnerability no machine corrects; the euphoria works because it is never fully controlled.	Peter Hook’s melodic bass placed above the register that normally supports the groove.	The shouts and small vocal inaccuracies making a programmed structure unrepeatable.	Temptation conserve la maladresse émotionnelle du post-punk dans une musique déjà tournée vers la piste de danse. New Order programme une impulsion ferme, mais les guitares s’ouvrent, la basse chante et Bernard Sumner intervient avec une vulnérabilité qu’aucune machine ne corrige ; l’euphorie fonctionne parce qu’elle n’est jamais entièrement maîtrisée.	La basse mélodique de Peter Hook, placée au-dessus du registre qui soutient habituellement le groove.	Les cris et les petites imprécisions vocales qui rendent unique une structure programmée.
song-083	Barro tal vez parece una canción antigua recordada desde un lenguaje armónico moderno. Spinetta acompaña una melodía desnuda con acordes que se abren hacia el jazz, pero cada desviación regresa a la necesidad elemental de cantar; la complejidad no exhibe conocimiento, protege la fragilidad del texto.	Los acordes de guitarra que cambian de color sin interrumpir el curso de la voz.	La manera en que Spinetta retiene algunas sílabas y deja que la armonía complete la frase.	Barro tal vez sounds like an old song remembered through a modern harmonic language. Spinetta accompanies a bare melody with chords opening towards jazz, yet every detour returns to the elemental need to sing; complexity does not display knowledge but protects the lyric’s fragility.	The guitar chords changing colour without interrupting the vocal line.	The way Spinetta holds back certain syllables and lets harmony complete the phrase.	Barro tal vez ressemble à une chanson ancienne remémorée dans un langage harmonique moderne. Spinetta accompagne une mélodie nue d’accords qui s’ouvrent vers le jazz, mais chaque détour revient au besoin élémentaire de chanter ; la complexité n’exhibe pas un savoir, elle protège la fragilité du texte.	Les accords de guitare qui changent de couleur sans interrompre le fil de la voix.	La manière dont Spinetta retient certaines syllabes et laisse l’harmonie achever la phrase.
song-084	Sparkle hace que el virtuosismo parezca clima. Tatsuro Yamashita abre con una guitarra limpia y veloz, pero su función no es ocupar el centro: ilumina los cambios armónicos para que bajo, batería, metales y voz mantengan una sensación continua de desplazamiento. La precisión produce ligereza, no rigidez.	Las notas apagadas entre los acordes de guitarra, esenciales para el rebote del ritmo.	El bajo que anticipa transiciones armónicas sin romper la superficie luminosa.	Sparkle makes virtuosity feel like weather. Tatsuro Yamashita opens with fast, clean guitar, yet its role is not to claim the centre: it lights the harmonic changes so bass, drums, horns and voice maintain a continuous sense of motion. Precision produces lightness, not rigidity.	The muted notes between guitar chords, essential to the rhythm’s bounce.	The bass anticipating harmonic transitions without breaking the bright surface.	Sparkle fait du virtuosisme un climat. Tatsuro Yamashita ouvre sur une guitare rapide et limpide, mais son rôle n’est pas d’occuper le centre : elle éclaire les changements harmoniques afin que basse, batterie, cuivres et voix maintiennent une sensation continue de déplacement. La précision produit de la légèreté, non de la rigidité.	Les notes étouffées entre les accords de guitare, essentielles au rebond rythmique.	La basse qui anticipe les transitions harmoniques sans rompre la surface lumineuse.
song-085	Ojos de videotape observa un presente tecnológico desde una intimidad casi inmóvil. Charly García coloca sintetizadores largos y una caja de ritmos contenida alrededor de una melodía que parece hablar desde una habitación vacía; la emoción no llega mediante un gran gesto, sino por la forma en que la voz empieza a agrietar ese paisaje.	El acorde sostenido que vuelve una y otra vez como una luz de pantalla.	Los leves aumentos de intensidad vocal, más decisivos que cualquier cambio de arreglo.	Ojos de videotape watches a technological present from an almost motionless intimacy. Charly García places long synthesizer tones and a restrained drum machine around a melody that seems to speak from an empty room; emotion arrives not through a grand gesture but through the way the voice begins to crack that landscape.	The sustained chord returning like the light of a screen.	The slight increases in vocal intensity, more decisive than any arrangement change.	Ojos de videotape observe un présent technologique depuis une intimité presque immobile. Charly García place de longues nappes de synthétiseur et une boîte à rythmes retenue autour d’une mélodie qui semble parler depuis une pièce vide ; l’émotion ne vient pas d’un grand geste, mais de la manière dont la voix commence à fissurer ce paysage.	L’accord tenu qui revient comme la lumière d’un écran.	Les légères montées d’intensité vocale, plus décisives que tout changement d’arrangement.
song-086	Juanito Alimaña convierte la vida de un delincuente de barrio en relato coral, con humor, peligro y códigos sociales reconocibles. Héctor Lavoe cambia de personaje sin abandonar el sonero, mientras los coros, los metales y el montuno de Willie Colón reaccionan a la historia como vecinos que conocen demasiado bien al protagonista.	Las inflexiones con las que Lavoe pasa de narrador a personaje dentro de una misma línea.	Los ataques de metales que puntúan los giros cómicos sin quitarles su trasfondo oscuro.	Juanito Alimaña turns the life of a neighbourhood outlaw into a choral tale of humour, danger and recognizable social codes. Héctor Lavoe changes character without leaving the sonero behind, while Willie Colón’s choruses, horns and montuno react like neighbours who know the protagonist all too well.	The inflections with which Lavoe moves from narrator to character inside a single line.	The horn attacks punctuating comic turns without removing their dark underside.	Juanito Alimaña transforme la vie d’un petit truand de quartier en récit choral, avec humour, danger et codes sociaux reconnaissables. Héctor Lavoe change de personnage sans cesser d’être sonero, tandis que les chœurs, les cuivres et le montuno de Willie Colón réagissent comme des voisins qui connaissent trop bien le protagoniste.	Les inflexions par lesquelles Lavoe passe du narrateur au personnage dans une même ligne.	Les attaques de cuivres qui ponctuent les détours comiques sans en effacer le fond sombre.
song-087	Fantastic Man obtiene su magnetismo de materiales aparentemente modestos: una pregunta, un bajo sintético, una caja de ritmos y teclados de brillo doméstico. William Onyeabor repite sin apretar el groove; esa amplitud deja que cada entrada parezca una decisión y que la excentricidad tecnológica conserve calidez.	El bajo sintético, ligeramente blando, que da profundidad a la máquina rítmica.	Las pausas entre preguntas, donde el arreglo parece sonreír antes de responder.	Fantastic Man draws its magnetism from apparently modest materials: a question, synthetic bass, a drum machine and keyboards with a homemade shine. William Onyeabor repeats without tightening the groove; that openness makes every entrance feel like a decision and lets technological eccentricity retain warmth.	The slightly soft synthetic bass giving depth to the rhythm machine.	The pauses between questions, where the arrangement seems to smile before replying.	Fantastic Man tire son magnétisme de matériaux apparemment modestes : une question, une basse synthétique, une boîte à rythmes et des claviers à l’éclat domestique. William Onyeabor répète sans resserrer le groove ; cette ampleur donne à chaque entrée le poids d’une décision et permet à l’excentricité technologique de garder sa chaleur.	La basse synthétique légèrement souple, qui donne de la profondeur à la machine rythmique.	Les pauses entre les questions, où l’arrangement semble sourire avant de répondre.
song-028	Cloudbusting convierte un recuerdo de infancia y pérdida en avance físico. Kate Bush canta desde el punto de vista del hijo de Wilhelm Reich mientras las cuerdas marcan un paso obstinado; cuando entran tambores y voces, la escala épica no corrige la herida privada, la hace visible desde más lejos.	El patrón de cuerdas, mitad marcha y mitad mecanismo de memoria.	La llegada de la percusión grave, que amplía el paisaje sin acelerar el tempo.	Cloudbusting turns a memory of childhood and loss into physical forward motion. Kate Bush sings from the viewpoint of Wilhelm Reich’s son while strings mark an obstinate pace; when drums and voices arrive, the epic scale does not repair the private wound but makes it visible from farther away.	The string pattern, half march and half memory mechanism.	The arrival of deep percussion, enlarging the landscape without increasing the tempo.	Cloudbusting transforme un souvenir d’enfance et de perte en mouvement physique. Kate Bush chante du point de vue du fils de Wilhelm Reich tandis que les cordes marquent un pas obstiné ; lorsque tambours et voix apparaissent, l’ampleur épique ne répare pas la blessure privée, elle la rend visible de plus loin.	Le motif de cordes, à moitié marche et à moitié mécanisme de mémoire.	L’arrivée des percussions graves, qui agrandit le paysage sans accélérer le tempo.
song-029	If I Was Your Girlfriend usa una alteración vocal para hacer inestable una pregunta sobre intimidad, género y confianza. Prince vacía el funk hasta dejar bajo, caja, teclados y respiración en primer plano; la cercanía resulta seductora e incómoda porque el narrador quiere atravesar límites que la canción nunca finge resolver.	La voz acelerada, cuyo artificio vuelve más ambigua la identidad en vez de ocultarla.	Los espacios del arreglo, donde una respiración tiene tanto peso como la caja.	If I Was Your Girlfriend uses a transformed voice to unsettle a question about intimacy, gender and trust. Prince strips funk down to bass, snare, keyboards and breath; the closeness is both seductive and uncomfortable because the narrator wants to cross boundaries the song never pretends to resolve.	The sped-up voice, whose artifice makes identity more ambiguous rather than hiding it.	The arrangement’s spaces, where a breath carries as much weight as the snare.	If I Was Your Girlfriend utilise une voix transformée pour déstabiliser une question d’intimité, de genre et de confiance. Prince dépouille le funk jusqu’à ne garder que basse, caisse claire, claviers et souffle ; cette proximité séduit autant qu’elle met mal à l’aise, car le narrateur veut franchir des limites que la chanson ne prétend jamais résoudre.	La voix accélérée, dont l’artifice rend l’identité plus ambiguë au lieu de la cacher.	Les espaces de l’arrangement, où un souffle pèse autant que la caisse claire.
song-088	La noche pasa de una oscuridad narrativa a una descarga rítmica sin presentar ambas como opuestos. Joe Arroyo lleva la voz con flexibilidad entre salsa, tradición caribeña y una energía casi teatral; los metales y el coro no borran la amenaza del comienzo, la transforman en movimiento colectivo.	El cambio de sección que abre el ritmo sin dar la sensación de haber abandonado el relato.	La aspereza de la voz de Arroyo, capaz de imponerse al metal sin endurecer el fraseo.	La noche moves from narrative darkness to rhythmic release without treating them as opposites. Joe Arroyo carries his voice flexibly across salsa, Caribbean tradition and almost theatrical energy; horns and chorus do not erase the opening threat but transform it into collective motion.	The sectional change opening the rhythm without feeling as though the story has been abandoned.	The grain in Arroyo’s voice, cutting through the horns without hardening the phrasing.	La noche passe d’une obscurité narrative à une libération rythmique sans les présenter comme des contraires. Joe Arroyo fait circuler sa voix avec souplesse entre salsa, tradition caribéenne et énergie presque théâtrale ; les cuivres et le chœur n’effacent pas la menace initiale, ils la transforment en mouvement collectif.	Le changement de section qui ouvre le rythme sans donner l’impression d’avoir abandonné le récit.	Le grain de la voix d’Arroyo, qui traverse les cuivres sans durcir le phrasé.
song-089	Fight the Power trata la densidad como una forma de claridad política. The Bomb Squad superpone breaks, sirenas, fragmentos de voz y ruido hasta construir una calle sonora en permanente discusión; Chuck D atraviesa el collage con una dicción firme, mientras Flavor Flav rompe la solemnidad sin disminuir la urgencia.	Las muestras que aparecen una sola vez y desaparecen antes de poder identificarlas por completo.	La diferencia entre la voz frontal de Chuck D y las interrupciones laterales de Flavor Flav.	Fight the Power treats density as a form of political clarity. The Bomb Squad layers breaks, sirens, vocal fragments and noise into a sonic street in permanent argument; Chuck D cuts through the collage with firm diction, while Flavor Flav breaks solemnity without reducing urgency.	The samples appearing once and vanishing before they can be fully identified.	The difference between Chuck D’s frontal voice and Flavor Flav’s interruptions from the side.	Fight the Power traite la densité comme une forme de clarté politique. The Bomb Squad superpose breaks, sirènes, fragments de voix et bruit jusqu’à construire une rue sonore en discussion permanente ; Chuck D traverse le collage avec une diction ferme, tandis que Flavor Flav brise la solennité sans réduire l’urgence.	Les samples qui n’apparaissent qu’une fois et disparaissent avant d’être entièrement identifiés.	La différence entre la voix frontale de Chuck D et les interruptions latérales de Flavor Flav.
song-090	Cherry-Coloured Funk usa palabras menos como relato que como materia física. Elizabeth Fraser curva sílabas y respiraciones hasta mezclarlas con las guitarras de Robin Guthrie; el bajo y la batería mantienen una línea clara debajo de esa bruma, haciendo que la canción pueda ser táctil sin perder dirección.	La voz principal doblada en registros distintos, responsable de una melodía que parece cambiar de forma.	El bajo nítido que guía la armonía debajo de guitarras deliberadamente difusas.	Cherry-Coloured Funk uses words less as narrative than as physical material. Elizabeth Fraser bends syllables and breaths until they merge with Robin Guthrie’s guitars; bass and drums retain a clear line beneath the haze, allowing the song to feel tactile without losing direction.	The lead voice doubled in different registers, giving the melody its shape-shifting quality.	The clear bass guiding harmony beneath deliberately diffuse guitars.	Cherry-Coloured Funk emploie les mots moins comme récit que comme matière physique. Elizabeth Fraser courbe syllabes et souffles jusqu’à les mêler aux guitares de Robin Guthrie ; la basse et la batterie maintiennent une ligne nette sous cette brume, permettant à la chanson d’être tactile sans perdre sa direction.	La voix principale doublée dans différents registres, qui donne à la mélodie sa forme changeante.	La basse nette qui guide l’harmonie sous des guitares volontairement diffuses.
song-091	A pedir su mano cruza el merengue dominicano con una guitarra de aire centroafricano sin tratar el encuentro como exhibición. Juan Luis Guerra y 4.40 integran ambos lenguajes dentro de una celebración de pulso continuo; la propuesta matrimonial se vuelve una escena comunitaria donde el arreglo ya expresa movimiento entre lugares.	La guitarra aguda y entrelazada que aligera el empuje del merengue.	Los metales que entran como respuestas breves en lugar de ocupar toda la mezcla.	A pedir su mano crosses Dominican merengue with a Central African-inflected guitar without presenting the encounter as display. Juan Luis Guerra and 4.40 integrate both languages into a continuous-pulse celebration; the marriage proposal becomes a communal scene whose arrangement already expresses movement between places.	The high, interlocking guitar lightening merengue’s forward drive.	The horns entering as brief replies rather than occupying the entire mix.	A pedir su mano croise le merengue dominicain et une guitare aux inflexions d’Afrique centrale sans présenter la rencontre comme une démonstration. Juan Luis Guerra et 4.40 intègrent les deux langages dans une célébration au rythme continu ; la demande en mariage devient une scène communautaire dont l’arrangement exprime déjà le mouvement entre les lieux.	La guitare aiguë et entrelacée qui allège l’élan du merengue.	Les cuivres qui interviennent par brèves réponses au lieu d’occuper tout le mixage.
song-035	Unfinished Sympathy hace convivir la escala de una orquesta y la repetición de un breakbeat sin que una legitime a la otra. Shara Nelson canta desde el centro de esa tensión con una voz que gana altura y riesgo; las cuerdas no llegan para resolver el dolor, sino para ampliar el espacio en el que permanece.	El bajo que mantiene la continuidad entre la percusión programada y la orquesta.	Las cuerdas ascendentes del tramo final, cuya intensidad aumenta sin ofrecer cierre emocional.	Unfinished Sympathy lets orchestral scale and breakbeat repetition coexist without asking either to legitimize the other. Shara Nelson sings from the centre of that tension with a voice gaining height and risk; the strings do not arrive to resolve pain but to enlarge the space in which it remains.	The bass maintaining continuity between programmed percussion and orchestra.	The rising strings in the final passage, increasing intensity without providing emotional closure.	Unfinished Sympathy fait coexister l’ampleur orchestrale et la répétition d’un breakbeat sans demander à l’une de légitimer l’autre. Shara Nelson chante au centre de cette tension avec une voix qui gagne en hauteur et en risque ; les cordes n’arrivent pas pour résoudre la douleur, mais pour agrandir l’espace où elle demeure.	La basse qui assure la continuité entre les percussions programmées et l’orchestre.	Les cordes ascendantes du passage final, dont l’intensité augmente sans offrir de résolution émotionnelle.
song-092	Sometimes deja una canción acústica enterrada dentro de una masa eléctrica. Kevin Shields canta y rasguea con una intimidad casi doméstica, pero las guitarras amplificadas convierten esa cercanía en recuerdo: no es posible separar del todo la melodía de la distorsión que la desgasta y la protege.	El rasgueo regular que permanece audible como esqueleto bajo las capas de guitarra.	Las fluctuaciones de afinación que hacen que la textura parezca respirar.	Sometimes leaves an acoustic song buried inside an electric mass. Kevin Shields sings and strums with almost domestic intimacy, but the amplified guitars turn that closeness into memory: melody cannot be fully separated from the distortion wearing it down and protecting it.	The regular strum remaining audible as a skeleton beneath the guitar layers.	The pitch fluctuations making the texture seem to breathe.	Sometimes laisse une chanson acoustique enfouie dans une masse électrique. Kevin Shields chante et gratte avec une intimité presque domestique, mais les guitares amplifiées transforment cette proximité en souvenir : impossible de séparer complètement la mélodie de la distorsion qui l’use et la protège.	Le battement régulier qui reste audible comme un squelette sous les couches de guitare.	Les fluctuations de hauteur qui donnent l’impression que la texture respire.
song-093	Xtal encuentra intimidad dentro de sonidos que no parecen pertenecer a una habitación real. Aphex Twin combina un breakbeat suave, acordes luminosos y una voz muestreada sin centro verbal; la producción electrónica no crea distancia, sino una memoria cuyos contornos nunca terminan de enfocarse.	La muestra vocal, más cercana a una respiración recordada que a una frase.	Los pequeños cambios del breakbeat que mantienen vivo un paisaje aparentemente estático.	Xtal finds intimacy inside sounds that do not seem to belong to a real room. Aphex Twin combines a soft breakbeat, luminous chords and a sampled voice without verbal centre; electronic production creates not distance but a memory whose outlines never quite come into focus.	The vocal sample, closer to a remembered breath than to a sentence.	The small breakbeat changes keeping an apparently static landscape alive.	Xtal trouve de l’intimité dans des sons qui ne semblent appartenir à aucune pièce réelle. Aphex Twin combine un breakbeat doux, des accords lumineux et une voix samplée dépourvue de centre verbal ; la production électronique ne crée pas de distance, mais une mémoire dont les contours ne deviennent jamais tout à fait nets.	Le sample vocal, plus proche d’un souffle remémoré que d’une phrase.	Les petites variations du breakbeat qui maintiennent vivant un paysage apparemment immobile.
song-094	Sodade no dramatiza la distancia porque la distancia ya está inscrita en el grano de la voz. Cesária Évora canta con una serenidad que admite cansancio, afecto y aceptación a la vez; guitarra, cavaquinho y percusión sostienen el balance de la morna sin empujarla hacia una conclusión más cómoda.	La forma en que Évora apoya las consonantes y deja que las vocales lleven la memoria.	El pulso contenido, que permite bailar sin disipar el peso de la ausencia.	Sodade does not dramatize distance because distance is already inscribed in the grain of the voice. Cesária Évora sings with a serenity containing fatigue, affection and acceptance at once; guitar, cavaquinho and percussion sustain morna’s sway without pushing it towards an easier conclusion.	The way Évora rests on consonants and lets vowels carry memory.	The restrained pulse allowing dance without dispersing the weight of absence.	Sodade ne dramatise pas la distance, car celle-ci est déjà inscrite dans le grain de la voix. Cesária Évora chante avec une sérénité qui contient à la fois fatigue, affection et acceptation ; guitare, cavaquinho et percussions soutiennent le balancement de la morna sans la pousser vers une conclusion plus confortable.	La manière dont Évora s’appuie sur les consonnes et laisse les voyelles porter la mémoire.	Le rythme retenu, qui permet de danser sans dissiper le poids de l’absence.
song-095	Kiss of Life convierte el enamoramiento en una corriente continua, no en una explosión. Sade Adu canta con precisión relajada sobre un bajo circular y una batería que apenas necesita levantar la voz; los pequeños colores de guitarra, teclado y saxofón hacen visible un entusiasmo que conserva elegancia porque nunca se precipita.	La línea de bajo que vuelve al inicio sin dar la sensación de estar repitiéndose.	Los desplazamientos de la voz alrededor del pulso, especialmente al cerrar las frases.	Kiss of Life turns falling in love into a continuous current rather than an explosion. Sade Adu sings with relaxed precision over circular bass and drums that hardly need to raise their voice; small colours from guitar, keyboard and saxophone reveal an excitement that retains elegance because it never rushes.	The bass line returning to its beginning without feeling repetitive.	The vocal shifts around the pulse, especially at the ends of phrases.	Kiss of Life transforme l’amour naissant en courant continu plutôt qu’en explosion. Sade Adu chante avec une précision détendue sur une basse circulaire et une batterie qui n’a presque jamais besoin de hausser le ton ; de petites touches de guitare, de clavier et de saxophone révèlent un enthousiasme dont l’élégance vient de ce qu’il ne se précipite jamais.	La ligne de basse qui revient à son point de départ sans donner une impression de répétition.	Les déplacements de la voix autour du rythme, surtout à la fin des phrases.
song-096	Electric Relaxation construye su atmósfera con un bucle que no exige ser transformado a cada compás. A Tribe Called Quest confía en la calidez de la muestra y concentra la variedad en las cadencias, los relevos y el espacio entre voces; el beat funciona como una habitación que cambia según quién la ocupa.	Las entradas alternadas de Q-Tip y Phife Dawg, cada una con una relación distinta con la caja.	El fragmento melódico del sample, cuya aparente continuidad oculta un corte muy preciso.	Electric Relaxation builds its atmosphere from a loop that does not demand transformation in every bar. A Tribe Called Quest trusts the sample’s warmth and concentrates variety in cadences, handoffs and space between voices; the beat works like a room that changes according to who occupies it.	Q-Tip and Phife Dawg’s alternating entrances, each with a different relationship to the snare.	The sample’s melodic fragment, whose apparent continuity conceals a very precise cut.	Electric Relaxation construit son atmosphère à partir d’une boucle qui n’exige pas d’être transformée à chaque mesure. A Tribe Called Quest fait confiance à la chaleur du sample et concentre la variété dans les cadences, les relais et l’espace entre les voix ; le beat fonctionne comme une pièce qui change selon la personne qui l’occupe.	Les entrées alternées de Q-Tip et Phife Dawg, chacune entretenant une relation différente avec la caisse claire.	Le fragment mélodique du sample, dont l’apparente continuité dissimule une coupe très précise.
song-097	To the End escenifica una separación como recuerdo de una película que quizá nunca existió. Blur combina cuerdas, guitarra contenida y la voz francesa de Lætitia Sadier con el desgaste de Damon Albarn; el arreglo ofrece glamour, pero la interpretación deja ver que esa elegancia también es una manera de posponer el final.	La segunda voz en francés, comentario paralelo más que traducción literal.	Las cuerdas que elevan el estribillo mientras la voz principal conserva una fatiga casi hablada.	To the End stages a separation like the memory of a film that may never have existed. Blur combines strings, restrained guitar and Lætitia Sadier’s French voice with Damon Albarn’s weariness; the arrangement offers glamour, but the performance reveals elegance as another way of postponing the ending.	The second voice in French, a parallel commentary rather than a literal translation.	The strings lifting the chorus while the lead vocal retains an almost spoken fatigue.	To the End met en scène une séparation comme le souvenir d’un film qui n’a peut-être jamais existé. Blur associe cordes, guitare retenue et voix française de Lætitia Sadier à la lassitude de Damon Albarn ; l’arrangement offre du glamour, mais l’interprétation révèle que cette élégance sert aussi à différer la fin.	La seconde voix en français, commentaire parallèle plutôt que traduction littérale.	Les cordes qui élèvent le refrain tandis que la voix principale garde une fatigue presque parlée.
song-098	Memory Lane observa Queensbridge desde la distancia justa para que el recuerdo no se vuelva nostalgia limpia. Nas encadena rimas internas, nombres y escenas pequeñas sobre una muestra cálida de DJ Premier; la fluidez verbal permite que orgullo, peligro y afecto compartan el mismo banco del parque.	Las rimas que continúan a través del final de un compás y hacen que la frase parezca más larga que el beat.	El piano muestreado, sereno frente a imágenes que nunca lo son del todo.	Memory Lane observes Queensbridge from just enough distance to keep recollection from becoming clean nostalgia. Nas chains internal rhymes, names and small scenes over DJ Premier’s warm sample; verbal flow lets pride, danger and affection share the same park bench.	The rhymes continuing across the end of a bar and making the phrase feel longer than the beat.	The sampled piano, calm against images that never fully are.	Memory Lane observe Queensbridge avec juste assez de distance pour empêcher le souvenir de devenir une nostalgie lisse. Nas enchaîne rimes internes, noms et petites scènes sur un sample chaleureux de DJ Premier ; la fluidité verbale permet à la fierté, au danger et à l’affection de partager le même banc de parc.	Les rimes qui franchissent la fin d’une mesure et donnent à la phrase une longueur supérieure au beat.	Le piano samplé, serein face à des images qui ne le sont jamais complètement.
song-099	Listen Up guarda una de las mejores tensiones de Oasis entre arrogancia y deseo de escapar. La melodía de Liam Gallagher se abre paso entre guitarras densas sin apresurarse, y la coda instrumental continúa cuando el estribillo ya podría haber cerrado la canción; esa extensión transforma obstinación en una libertad momentánea.	La melodía del bajo, más móvil de lo esperado debajo de la pared de guitarras.	La coda, donde las guitarras dejan de acompañar una voz y empiezan a responderse entre sí.	Listen Up holds one of Oasis’s strongest tensions between arrogance and the desire to escape. Liam Gallagher’s melody cuts through dense guitars without rushing, and the instrumental coda continues after the chorus could have ended the song; that extension turns stubbornness into momentary freedom.	The bass melody, more mobile than expected beneath the wall of guitars.	The coda, where guitars stop accompanying a voice and begin answering one another.	Listen Up contient l’une des tensions les plus fortes d’Oasis entre arrogance et désir de fuite. La mélodie de Liam Gallagher traverse les guitares denses sans se presser, et la coda instrumentale continue après le moment où le refrain aurait pu conclure ; cette prolongation transforme l’obstination en liberté momentanée.	La mélodie de basse, plus mobile qu’attendu sous le mur de guitares.	La coda, où les guitares cessent d’accompagner une voix pour commencer à se répondre.
song-100	Roads deja casi todo el peso en unos acordes de piano separados por grandes espacios. Beth Gibbons canta como si cada frase exigiera volver a empezar, mientras el beat permanece contenido y las cuerdas tardan en aparecer; cuando la escala crece, la vulnerabilidad no se supera, solo ocupa una habitación más grande.	La respiración audible antes de ciertas entradas, parte del tiempo emocional de la canción.	Las cuerdas del final, que ensanchan el aislamiento en vez de ofrecer consuelo.	Roads places almost all its weight on piano chords separated by large spaces. Beth Gibbons sings as though each phrase required beginning again, while the beat remains restrained and the strings take time to arrive; when the scale grows, vulnerability is not overcome but simply occupies a larger room.	The audible breath before certain entrances, part of the song’s emotional timing.	The final strings enlarging isolation rather than offering comfort.	Roads fait reposer presque tout son poids sur des accords de piano séparés par de grands espaces. Beth Gibbons chante comme si chaque phrase exigeait de recommencer, tandis que le beat reste retenu et que les cordes tardent à apparaître ; lorsque l’échelle s’agrandit, la vulnérabilité n’est pas dépassée, elle occupe simplement une pièce plus vaste.	Le souffle audible avant certaines entrées, partie intégrante du temps émotionnel de la chanson.	Les cordes finales, qui élargissent l’isolement au lieu d’apporter du réconfort.
song-101	El estuche consigue que una crítica a la belleza normativa funcione también como canción de calle y respuesta inmediata. Aterciopelados combina un riff sin rodeos con el fraseo irónico de Andrea Echeverri; la melodía evita el tono de sermón porque su humor pone en duda tanto al juicio externo como a quien cree haberlo superado.	La manera en que Echeverri estira ciertas palabras hasta convertir la ironía en ritmo.	El riff que vuelve después de cada argumento como una réplica breve y colectiva.	El estuche makes a critique of normative beauty work as a street song and immediate comeback. Aterciopelados combines a direct riff with Andrea Echeverri’s ironic phrasing; the melody avoids sermonizing because its humour questions both outside judgement and anyone who thinks they have risen above it.	The way Echeverri stretches certain words until irony becomes rhythm.	The riff returning after each argument like a brief collective reply.	El estuche fait d’une critique des normes de beauté une chanson de rue et une réplique immédiate. Aterciopelados associe un riff direct au phrasé ironique d’Andrea Echeverri ; la mélodie évite le sermon parce que son humour met en doute aussi bien le jugement extérieur que la personne qui croit l’avoir dépassé.	La manière dont Echeverri étire certains mots jusqu’à transformer l’ironie en rythme.	Le riff qui revient après chaque argument comme une brève réponse collective.
song-102	Long Season estira una canción hasta convertirla en un lugar al que se entra. Fishmans mantiene un pulso de dub reconocible durante toda la suite, pero cambia el clima mediante campanas, guitarra, teclados, voces y largos espacios; la continuidad hace que cada transformación parezca un cambio de luz dentro del mismo viaje.	El bajo profundo que conserva la orientación cuando las demás capas desaparecen.	Los sonidos ambientales y pequeños retornos melódicos que funcionan como recuerdos dentro de la pieza.	Long Season stretches a song until it becomes a place one can enter. Fishmans keeps a recognizable dub pulse through the entire suite while changing the climate with bells, guitar, keyboards, voices and long spaces; continuity makes each transformation feel like a change of light within the same journey.	The deep bass preserving orientation when the other layers disappear.	The ambient sounds and small melodic returns acting like memories inside the piece.	Long Season étire une chanson jusqu’à en faire un lieu où l’on peut entrer. Fishmans maintient un rythme dub reconnaissable tout au long de la suite, mais en modifie le climat par des cloches, guitares, claviers, voix et de longs espaces ; la continuité fait de chaque transformation un changement de lumière au sein du même voyage.	La basse profonde qui préserve l’orientation lorsque les autres couches disparaissent.	Les sons ambiants et les petits retours mélodiques qui agissent comme des souvenirs à l’intérieur du morceau.
song-033	Té para tres adquiere en la interpretación Unplugged una gravedad que no necesita volumen. Cerati ralentiza la respiración de las frases y deja que guitarras acústicas, bajo y percusión sostengan la memoria familiar detrás de la letra; cada pausa permite que lo no dicho tenga el mismo peso que la melodía.	La demora antes de algunas líneas, donde el silencio parece completar el recuerdo.	El crecimiento controlado del grupo, que intensifica sin convertir la intimidad en himno.	Té para tres gains a gravity in its Unplugged performance that needs no volume. Cerati slows the phrases’ breathing and lets acoustic guitars, bass and percussion hold the family memory behind the lyric; every pause gives what remains unsaid the same weight as the melody.	The delay before certain lines, where silence seems to complete the memory.	The group’s controlled growth, intensifying without turning intimacy into anthem.	Té para tres acquiert dans sa version Unplugged une gravité qui n’a pas besoin de volume. Cerati ralentit la respiration des phrases et laisse guitares acoustiques, basse et percussions soutenir la mémoire familiale derrière le texte ; chaque pause donne à ce qui n’est pas dit le même poids qu’à la mélodie.	Le retard avant certaines lignes, où le silence semble achever le souvenir.	La montée maîtrisée du groupe, qui intensifie sans transformer l’intimité en hymne.
song-103	The Rain (Supa Dupa Fly) construye un mundo futurista con una muestra inmediatamente familiar. Timbaland corta la lluvia de Ann Peebles, desplaza batería y bajo fuera del centro esperado y deja enormes huecos; Missy Elliott ocupa ese espacio con una calma tan segura que la extrañeza del beat parece diseñada alrededor de su voz.	La muestra vocal que reaparece como clima y como comentario a las rimas.	Los golpes de batería descentrados, cuyo vacío intermedio aumenta el peso de cada sílaba.	The Rain (Supa Dupa Fly) builds a futuristic world from an immediately familiar sample. Timbaland cuts Ann Peebles’s rain, shifts drums and bass away from the expected centre and leaves enormous gaps; Missy Elliott occupies that space with such assured calm that the beat’s strangeness seems designed around her voice.	The vocal sample returning as both weather and commentary on the rhymes.	The off-centre drum hits, whose intervening emptiness increases the weight of every syllable.	The Rain (Supa Dupa Fly) construit un monde futuriste à partir d’un sample immédiatement familier. Timbaland découpe la pluie d’Ann Peebles, déplace batterie et basse hors du centre attendu et laisse d’immenses vides ; Missy Elliott occupe cet espace avec une assurance si calme que l’étrangeté du beat semble conçue autour de sa voix.	Le sample vocal qui revient à la fois comme climat et comme commentaire des rimes.	Les coups de batterie décentrés, dont le vide intermédiaire augmente le poids de chaque syllabe.
song-104	La femme d’argent dedica sus primeros minutos a demostrar que un bajo puede ser argumento, paisaje y movimiento. Air construye alrededor de esa línea una arquitectura de teclados analógicos, guitarra y batería contenida; cada capa entra con tanta paciencia que el groove parece descubrir el espacio mientras lo recorre.	El bajo que cambia pequeñas notas de enlace y evita que el ciclo se cierre de manera idéntica.	La guitarra wah-wah, colocada como reflejo lateral en lugar de protagonista.	La femme d’argent spends its opening minutes showing that bass can be argument, landscape and motion. Air builds an architecture of analogue keyboards, guitar and restrained drums around that line; every layer enters with such patience that the groove seems to discover space while moving through it.	The bass changing small connecting notes and keeping the cycle from closing identically.	The wah-wah guitar placed like a side reflection rather than a protagonist.	La femme d’argent consacre ses premières minutes à montrer qu’une basse peut être à la fois argument, paysage et mouvement. Air construit autour de cette ligne une architecture de claviers analogiques, guitare et batterie retenue ; chaque couche entre avec une telle patience que le groove semble découvrir l’espace en le parcourant.	La basse qui modifie de petites notes de liaison et empêche le cycle de se refermer de façon identique.	La guitare wah-wah, placée comme un reflet latéral plutôt que comme protagoniste.
song-105	Automatic presenta a Hikaru Utada como una cantante capaz de hacer íntima una producción de gran precisión. Las estrofas se mantienen cerca del beat, casi en confidencia, y el estribillo abre de pronto el registro y la armonía; el cambio no parece una exhibición, sino la escala real que adquiere una emoción al ser nombrada.	Las sílabas cortas de la estrofa, acomodadas dentro del ritmo con una soltura cercana al R&B.	La expansión del estribillo, donde la voz gana altura sin perder claridad en el fraseo.	Automatic introduces Hikaru Utada as a singer able to make highly precise production intimate. The verses stay close to the beat, almost confidentially, before the chorus suddenly opens the register and harmony; the change feels not like display but like the true scale an emotion acquires once named.	The short verse syllables fitted into the rhythm with R&B ease.	The chorus expanding as the voice gains height without losing phrasing clarity.	Automatic présente Hikaru Utada comme une chanteuse capable de rendre intime une production d’une grande précision. Les couplets restent près du beat, presque dans la confidence, puis le refrain ouvre soudain le registre et l’harmonie ; ce changement ne ressemble pas à une démonstration, mais à la véritable échelle que prend une émotion une fois nommée.	Les syllabes brèves des couplets, placées dans le rythme avec une aisance proche du R&B.	L’expansion du refrain, où la voix gagne en hauteur sans perdre la netteté du phrasé.
song-106	Ex-Factor no describe una ruptura desde un punto estable: vuelve una y otra vez al vínculo que intenta comprender. Lauryn Hill pasa de una voz cercana a capas corales, de la acusación al ruego y del control al desgaste; el arreglo de raíz soul hace que esas contradicciones pertenezcan a una sola experiencia, no a escenas separadas.	Las voces dobladas que empiezan como apoyo y terminan rodeando a la solista.	La coda insistente, donde la repetición deja de buscar respuesta y expone el agotamiento.	Ex-Factor does not describe a breakup from a stable position; it returns repeatedly to the bond it is trying to understand. Lauryn Hill moves from close lead voice to choral layers, accusation to plea and control to exhaustion; the soul-rooted arrangement makes those contradictions one experience rather than separate scenes.	The doubled voices beginning as support and ending by surrounding the lead.	The insistent coda, where repetition stops seeking an answer and exposes exhaustion.	Ex-Factor ne décrit pas une rupture depuis une position stable : la chanson revient sans cesse au lien qu’elle essaie de comprendre. Lauryn Hill passe d’une voix proche à des couches chorales, de l’accusation à la supplication et du contrôle à l’épuisement ; l’arrangement soul fait de ces contradictions une seule expérience, non des scènes séparées.	Les voix doublées qui commencent en soutien et finissent par entourer la soliste.	La coda insistante, où la répétition cesse de chercher une réponse et expose l’épuisement.
song-107	Da Art of Storytellin’ (Pt. 1) demuestra que dos narradores pueden compartir un beat sin compartir una mirada. Big Boi y André 3000 construyen escenas mediante nombres, gestos y consecuencias, no mediante moralejas; el fondo sereno deja que la dureza aparezca lentamente, cuando los detalles ya han creado cercanía con sus personajes.	El contraste entre la cadencia firme de Big Boi y los cambios de perspectiva de André 3000.	El teclado contenido, cuya calma hace más inquietante el desenlace de cada historia.	Da Art of Storytellin’ (Pt. 1) shows that two narrators can share a beat without sharing a gaze. Big Boi and André 3000 build scenes through names, gestures and consequences rather than morals; the calm backdrop lets harshness emerge slowly, after detail has already created intimacy with the characters.	The contrast between Big Boi’s firm cadence and André 3000’s shifts in perspective.	The restrained keyboard, whose calm makes each story’s outcome more unsettling.	Da Art of Storytellin’ (Pt. 1) montre que deux narrateurs peuvent partager un beat sans partager le même regard. Big Boi et André 3000 construisent des scènes à partir de noms, de gestes et de conséquences plutôt que de morales ; le fond serein laisse la dureté apparaître lentement, lorsque les détails ont déjà créé une proximité avec les personnages.	Le contraste entre la cadence ferme de Big Boi et les changements de perspective d’André 3000.	Le clavier retenu, dont le calme rend plus troublante l’issue de chaque histoire.
song-108	This Is Hardcore usa el lenguaje del cine y de la pornografía para hablar del desgaste que sigue al deseo. Pulp construye una escena de piano, metales y cuerdas deliberadamente excesiva; Jarvis Cocker la atraviesa con una interpretación que pasa de la pose a la incomodidad hasta que el artificio deja ver cansancio real.	El motivo de piano, elegante y amenazante a la vez, que organiza toda la escena.	La voz de Cocker cuando pierde su distancia irónica y queda casi sola frente al arreglo.	This Is Hardcore uses the language of cinema and pornography to speak about the wear that follows desire. Pulp builds a deliberately excessive scene of piano, horns and strings; Jarvis Cocker crosses it with a performance moving from pose to discomfort until artifice reveals genuine fatigue.	The piano motif, elegant and threatening at once, organizing the entire scene.	Cocker’s voice when it loses ironic distance and stands almost alone against the arrangement.	This Is Hardcore emploie le langage du cinéma et de la pornographie pour parler de l’usure qui suit le désir. Pulp construit une scène volontairement excessive de piano, cuivres et cordes ; Jarvis Cocker la traverse par une interprétation qui passe de la pose au malaise jusqu’à ce que l’artifice révèle une véritable fatigue.	Le motif de piano, élégant et menaçant à la fois, qui organise toute la scène.	La voix de Cocker lorsqu’elle perd sa distance ironique et se retrouve presque seule face à l’arrangement.
song-109	Moscas en la casa mide la ausencia a través de tareas, objetos y horas que dejaron de tener propósito. Shakira canta sin recurrir al gran ataque vocal que podría resolver la emoción demasiado pronto; guitarra, bajo y percusión mantienen el espacio doméstico quieto para que cada pequeña variación de la melodía registre el paso del tiempo.	Las frases que empiezan con suavidad y crecen solo al llegar a la palabra decisiva.	El bajo discreto que da continuidad a una canción construida sobre imágenes detenidas.	Moscas en la casa measures absence through tasks, objects and hours that have lost their purpose. Shakira avoids the large vocal attack that could resolve emotion too quickly; guitar, bass and percussion keep the domestic space still so every small melodic variation can register time passing.	The phrases beginning softly and growing only on the decisive word.	The discreet bass giving continuity to a song built from arrested images.	Moscas en la casa mesure l’absence à travers des tâches, des objets et des heures qui ont perdu leur raison d’être. Shakira évite la grande attaque vocale qui résoudrait trop vite l’émotion ; guitare, basse et percussions maintiennent immobile l’espace domestique afin que chaque petite variation mélodique enregistre le passage du temps.	Les phrases qui commencent doucement et ne grandissent que sur le mot décisif.	La basse discrète qui donne une continuité à une chanson faite d’images arrêtées.
song-110	Music Sounds Better With You encuentra abundancia dentro de un fragmento mínimo. Stardust repite guitarra, bajo, batería y una sola idea vocal, pero el filtro modifica continuamente su profundidad y brillo; la canción no avanza hacia otra sección porque su placer consiste en descubrir cuánto movimiento cabe dentro del mismo instante.	El filtro que acerca y aleja la guitarra como si cambiara el tamaño de la habitación.	La voz breve, cuya aparición dosificada convierte una frase simple en acontecimiento.	Music Sounds Better With You finds abundance inside a minimal fragment. Stardust repeats guitar, bass, drums and a single vocal idea, while the filter continually changes their depth and brightness; the track does not move towards another section because its pleasure lies in discovering how much motion fits inside the same instant.	The filter bringing the guitar closer and farther away as though changing the room’s size.	The brief vocal, whose measured appearances turn a simple phrase into an event.	Music Sounds Better With You trouve l’abondance dans un fragment minimal. Stardust répète guitare, basse, batterie et une seule idée vocale, tandis que le filtre en modifie constamment la profondeur et l’éclat ; le morceau ne se dirige pas vers une autre section, car son plaisir consiste à découvrir combien de mouvement tient dans un même instant.	Le filtre qui rapproche et éloigne la guitare comme s’il changeait la taille de la pièce.	La voix brève, dont les apparitions mesurées transforment une phrase simple en événement.
song-038	La muerte chiquita hace convivir deseo, juego verbal y tradición sin decidirse por una sola máscara. Café Tacvba pasa de una entrada íntima a un movimiento de raíz popular donde voz, percusión y cuerdas amplían el doble sentido; lo romántico y lo corporal se rozan con suficiente humor para no cerrarse en explicación.	El cambio de pulso que transforma la confesión inicial en baile sin cortar la continuidad.	Las inflexiones de Rubén Albarrán, que alternan ternura y picardía dentro de una misma frase.	La muerte chiquita lets desire, wordplay and tradition coexist without choosing a single mask. Café Tacvba moves from an intimate opening into folk-rooted motion where voice, percussion and strings enlarge the double meaning; romance and the physical brush together with enough humour to resist explanation.	The pulse change turning the opening confession into dance without breaking continuity.	Rubén Albarrán’s inflections alternating tenderness and mischief inside the same phrase.	La muerte chiquita fait coexister désir, jeu de mots et tradition sans choisir un seul masque. Café Tacvba passe d’une ouverture intime à un mouvement d’inspiration populaire où voix, percussions et cordes élargissent le double sens ; romantisme et corps se frôlent avec assez d’humour pour résister à l’explication.	Le changement de rythme qui transforme la confession initiale en danse sans rompre la continuité.	Les inflexions de Rubén Albarrán, qui alternent tendresse et malice au sein d’une même phrase.
song-111	Tabú construye sensualidad mediante demora. Gustavo Cerati coloca voz, guitarras procesadas y detalles electrónicos sobre un pulso que parece avanzar sin alcanzar nunca una descarga completa; el estribillo se insinúa más de lo que se declara, haciendo que el deseo permanezca en el espacio entre las capas.	La guitarra tratada que entra como una respiración invertida alrededor de la voz.	Los graves del beat, cuya regularidad aumenta la tensión en vez de resolverla.	Tabú builds sensuality through delay. Gustavo Cerati places voice, processed guitars and electronic detail over a pulse that seems to move without ever reaching full release; the chorus is suggested more than declared, keeping desire in the space between layers.	The treated guitar entering like a reversed breath around the voice.	The beat’s low frequencies, whose regularity increases tension instead of resolving it.	Tabú construit la sensualité par le retard. Gustavo Cerati place voix, guitares traitées et détails électroniques sur un rythme qui semble avancer sans jamais atteindre une libération complète ; le refrain est suggéré plus qu’affirmé, maintenant le désir dans l’espace entre les couches.	La guitare traitée qui entre comme un souffle inversé autour de la voix.	Les graves du beat, dont la régularité augmente la tension au lieu de la résoudre.
song-059	Construção impone una regla verbal tan estricta que cada variación adquiere fuerza política. Chico Buarque repite la jornada y la muerte de un obrero cambiando las palabras finales de los versos; la orquesta acumula tensión junto con esas permutaciones, hasta que el lenguaje burocrático y el desastre humano ocupan la misma respiración.	Las palabras esdrújulas que cierran cada línea y desplazan el sentido al cambiar de posición.	Los metales y las cuerdas que aumentan la presión sin liberar el patrón rítmico.	Construção imposes such a strict verbal rule that every variation gains political force. Chico Buarque repeats a worker’s day and death while changing the final words of the lines; the orchestra builds tension alongside those permutations until bureaucratic language and human disaster occupy the same breath.	The proparoxytone words closing each line and shifting meaning as their positions change.	The horns and strings increasing pressure without releasing the rhythmic pattern.	Construção impose une règle verbale si stricte que chaque variation acquiert une force politique. Chico Buarque répète la journée et la mort d’un ouvrier en changeant les derniers mots des vers ; l’orchestre accumule la tension avec ces permutations jusqu’à ce que langage bureaucratique et catastrophe humaine occupent un même souffle.	Les mots proparoxytons qui ferment chaque ligne et déplacent le sens en changeant de position.	Les cuivres et les cordes qui augmentent la pression sans libérer le motif rythmique.
song-060	La question mantiene deseo e incertidumbre en un espacio acústico casi desnudo. Françoise Hardy canta muy cerca, sin subrayar las preguntas del texto, mientras la guitarra de Tuca combina armonías brasileñas, notas sueltas y silencios; lo que podría ser fragilidad se convierte en una forma precisa de reserva.	El punteo que deja acordes incompletos y obliga al oído a terminar la armonía.	La voz sin vibrato excesivo, capaz de sostener tensión a un volumen mínimo.	La question keeps desire and uncertainty inside an almost bare acoustic space. Françoise Hardy sings close by without underlining the lyric’s questions, while Tuca’s guitar combines Brazilian harmony, isolated notes and silences; what could be fragility becomes a precise form of reserve.	The picking pattern leaving chords incomplete and asking the ear to finish the harmony.	The voice without excessive vibrato, able to sustain tension at minimal volume.	La question maintient désir et incertitude dans un espace acoustique presque nu. Françoise Hardy chante tout près, sans souligner les interrogations du texte, tandis que la guitare de Tuca associe harmonies brésiliennes, notes isolées et silences ; ce qui pourrait sembler fragile devient une forme précise de retenue.	Le jeu en arpèges qui laisse les accords incomplets et invite l’oreille à achever l’harmonie.	La voix sans vibrato excessif, capable de soutenir la tension à un volume minimal.
song-061	Kaze wo Atsumete observa una ciudad que cambia desde la quietud de una guitarra acústica. Haruomi Hosono canta con una ligereza casi hablada y Happy End deja amplios intervalos entre frases; la modernidad aparece en imágenes dispersas, no como velocidad, y el aire del arreglo permite que cada una conserve su rareza.	La guitarra que separa sus acordes como si abriera espacio entre edificios.	El fraseo de Hosono, más cercano a recordar una escena que a imponer una melodía.	Kaze wo Atsumete watches a changing city from the stillness of an acoustic guitar. Haruomi Hosono sings with almost spoken lightness and Happy End leaves wide intervals between phrases; modernity appears in scattered images rather than speed, while the arrangement’s air lets each retain its strangeness.	The guitar separating its chords as though opening space between buildings.	Hosono’s phrasing, closer to remembering a scene than imposing a melody.	Kaze wo Atsumete observe une ville en mutation depuis l’immobilité d’une guitare acoustique. Haruomi Hosono chante avec une légèreté presque parlée et Happy End laisse de larges intervalles entre les phrases ; la modernité apparaît dans des images dispersées, non dans la vitesse, et l’air de l’arrangement permet à chacune de garder son étrangeté.	La guitare qui sépare ses accords comme si elle ouvrait de l’espace entre les bâtiments.	Le phrasé de Hosono, plus proche du souvenir d’une scène que de l’imposition d’une mélodie.
song-062	Inner City Blues convierte la presión económica y política en una sensación corporal contenida. Marvin Gaye no levanta un discurso sobre el groove: dobla y superpone su voz hasta que el cansancio parece provenir de varias direcciones, mientras bajo, congas y percusión mantienen una tensión que nunca necesita estallar.	El bajo de James Jamerson, inquieto dentro de un pulso que aparenta serenidad.	Las voces múltiples de Gaye, a la vez narrador, respuesta y rumor comunitario.	Inner City Blues turns economic and political pressure into a restrained bodily sensation. Marvin Gaye does not place a speech on top of the groove: he doubles and layers his voice until fatigue seems to come from several directions, while bass, congas and percussion maintain tension without needing to explode.	James Jamerson’s bass, restless inside a pulse that appears calm.	Gaye’s multiple voices acting at once as narrator, reply and communal murmur.	Inner City Blues transforme la pression économique et politique en sensation corporelle retenue. Marvin Gaye ne pose pas un discours sur le groove : il double et superpose sa voix jusqu’à ce que la fatigue semble venir de plusieurs directions, tandis que basse, congas et percussions maintiennent une tension qui n’a pas besoin d’exploser.	La basse de James Jamerson, inquiète au sein d’un rythme en apparence paisible.	Les multiples voix de Gaye, à la fois narrateur, réponse et rumeur collective.
song-063	Ballade de Melody Nelson instala una narración incómoda dentro de un arreglo de belleza calculada. Serge Gainsbourg habla más de lo que canta sobre un bajo que arrastra cada frase, mientras cuerdas y guitarra crean una suspensión cinematográfica; la seducción formal no elimina la inquietud del relato, la vuelve imposible de ignorar.	El bajo eléctrico, cuyo fraseo lento determina el paso del narrador.	Las cuerdas que permanecen en el aire y evitan una resolución sentimental.	Ballade de Melody Nelson places an unsettling narrative inside an arrangement of calculated beauty. Serge Gainsbourg speaks more than he sings over a bass line dragging each phrase forward, while strings and guitar create cinematic suspension; formal seduction does not remove the story’s unease but makes it impossible to ignore.	The electric bass, whose slow phrasing determines the narrator’s pace.	The strings remaining suspended and preventing sentimental resolution.	Ballade de Melody Nelson installe un récit troublant dans un arrangement d’une beauté calculée. Serge Gainsbourg parle plus qu’il ne chante sur une basse qui entraîne chaque phrase, tandis que cordes et guitare créent une suspension cinématographique ; la séduction formelle n’efface pas le malaise du récit, elle le rend impossible à ignorer.	La basse électrique, dont le phrasé lent détermine le pas du narrateur.	Les cordes qui restent suspendues et empêchent toute résolution sentimentale.
song-064	Cais comienza con pocos elementos y termina abriendo un horizonte que parecía contenido dentro del piano. Milton Nascimento canta con una elasticidad que atraviesa fragilidad y altura sin separarlas; la orquestación crece alrededor del motivo inicial hasta que la idea de partir adquiere una escala casi geográfica.	El motivo de piano, aparentemente inmóvil, que cambia de sentido al entrar cada nueva capa.	La voz cuando pasa del registro íntimo al agudo sin endurecer el timbre.	Cais begins with few elements and ends by opening a horizon that seemed contained inside the piano. Milton Nascimento sings with an elasticity spanning fragility and height without separating them; orchestration grows around the opening motif until the idea of departure acquires an almost geographic scale.	The apparently motionless piano motif changing meaning as each new layer enters.	The voice moving from intimate to high register without hardening its tone.	Cais commence avec peu d’éléments et finit par ouvrir un horizon qui semblait contenu dans le piano. Milton Nascimento chante avec une élasticité qui traverse fragilité et hauteur sans les séparer ; l’orchestration grandit autour du motif initial jusqu’à ce que l’idée du départ prenne une dimension presque géographique.	Le motif de piano apparemment immobile, dont le sens change à l’entrée de chaque nouvelle couche.	La voix qui passe du registre intime à l’aigu sans durcir son timbre.
song-065	Mistério do Planeta suena como una banda que descubre la canción mientras la toca. Novos Baianos mezcla samba, guitarra eléctrica y voces sin fijar una frontera entre solista y conjunto; el groove relajado permite que cada instrumento tome el primer plano por un instante y vuelva después a la conversación.	La guitarra de Pepeu Gomes, que introduce filo rockero sin romper el balance de la samba.	Los relevos vocales, más cercanos a una reunión que a un coro organizado.	Mistério do Planeta sounds like a band discovering the song while playing it. Novos Baianos mixes samba, electric guitar and voices without fixing a border between soloist and ensemble; the relaxed groove lets each instrument take the foreground briefly before returning to the conversation.	Pepeu Gomes’s guitar, adding rock edge without disturbing samba’s balance.	The vocal handoffs, closer to a gathering than an organized chorus.	Mistério do Planeta donne l’impression d’un groupe qui découvre la chanson en la jouant. Novos Baianos mêle samba, guitare électrique et voix sans fixer de frontière entre soliste et ensemble ; le groove détendu permet à chaque instrument de passer brièvement au premier plan avant de revenir dans la conversation.	La guitare de Pepeu Gomes, qui apporte un tranchant rock sans rompre l’équilibre de la samba.	Les relais vocaux, plus proches d’une réunion que d’un chœur organisé.
song-023	Jolene obtiene su intensidad de una contradicción: la voz ruega, pero la guitarra nunca deja de avanzar. Dolly Parton describe con precisión a la mujer que teme perder y evita convertirla en villana; esa empatía vuelve la súplica más compleja, mientras el patrón insistente mantiene la ansiedad fuera del control de la narradora.	El motivo de guitarra, cuyo movimiento continuo no concede descanso entre las estrofas.	Los cambios de color en la voz cuando admiración, miedo y urgencia ocupan la misma frase.	Jolene draws its intensity from a contradiction: the voice pleads while the guitar never stops moving. Dolly Parton describes the woman she fears losing to without turning her into a villain; that empathy complicates the plea, as the insistent pattern keeps anxiety outside the narrator’s control.	The guitar motif, whose continuous motion allows no rest between verses.	The changes of vocal colour as admiration, fear and urgency occupy the same phrase.	Jolene tire son intensité d’une contradiction : la voix supplie, mais la guitare ne cesse jamais d’avancer. Dolly Parton décrit avec précision la femme à qui elle s’adresse sans en faire une méchante ; cette empathie complexifie la prière, tandis que le motif insistant maintient l’angoisse hors du contrôle de la narratrice.	Le motif de guitare, dont le mouvement continu n’accorde aucun repos entre les couplets.	Les changements de couleur de la voix lorsque admiration, peur et urgence occupent une même phrase.
song-112	Doomsday presenta una máscara sin borrar a la persona que habla detrás de ella. MF DOOM enlaza rimas internas con una calma casi conversada sobre una muestra soul cálida y melancólica; la distancia del personaje y la cercanía del beat conviven, haciendo que el ingenio nunca oculte del todo la pérdida.	Las rimas que se encadenan dentro de una misma línea sin alterar el volumen de la voz.	La muestra vocal del estribillo, cuya calidez abre una grieta emocional en la armadura del personaje.	Doomsday introduces a mask without erasing the person speaking behind it. MF DOOM links internal rhymes with almost conversational calm over a warm, melancholy soul sample; the character’s distance and the beat’s closeness coexist, so wit never fully conceals loss.	The rhymes chained inside a single line without changing the voice’s volume.	The chorus vocal sample, whose warmth opens an emotional crack in the character’s armour.	Doomsday présente un masque sans effacer la personne qui parle derrière lui. MF DOOM enchaîne des rimes internes avec un calme presque conversationnel sur un sample soul chaleureux et mélancolique ; la distance du personnage et la proximité du beat coexistent, si bien que l’esprit ne dissimule jamais tout à fait la perte.	Les rimes enchaînées au sein d’une même ligne sans modification du volume de la voix.	Le sample vocal du refrain, dont la chaleur ouvre une fissure émotionnelle dans l’armure du personnage.
song-113	Intro demuestra que una pieza puede desarrollarse sin abandonar nunca su bucle. Alan Braxe y Fred Falke hacen pasar el mismo material por cambios de filtro, profundidad y presión rítmica; cuando la mezcla se abre, no aparece una melodía nueva: reconocemos con más claridad la euforia que el fragmento ya contenía.	El filtro que transforma un sonido opaco en una superficie brillante de manera gradual.	La línea de bajo, responsable de que cada reapertura del bucle se sienta como impulso y no como reinicio.	Intro shows that a track can develop without ever leaving its loop. Alan Braxe and Fred Falke pass the same material through changes of filter, depth and rhythmic pressure; when the mix opens, no new melody appears—we simply recognize more clearly the euphoria already contained in the fragment.	The filter gradually turning an opaque sound into a bright surface.	The bass line making every reopening of the loop feel like propulsion rather than restart.	Intro montre qu’un morceau peut se développer sans jamais quitter sa boucle. Alan Braxe et Fred Falke font passer le même matériau par des changements de filtre, de profondeur et de pression rythmique ; lorsque le mixage s’ouvre, aucune nouvelle mélodie n’apparaît : on reconnaît plus clairement l’euphorie que le fragment contenait déjà.	Le filtre qui transforme progressivement un son opaque en surface brillante.	La ligne de basse qui fait de chaque réouverture de la boucle une impulsion plutôt qu’un redémarrage.
song-114	One Mo’Gin habita el espacio ligeramente posterior al pulso donde el tiempo parece aflojarse sin perder precisión. D’Angelo, Questlove y Pino Palladino no caen tarde por separado: voz, caja y bajo comparten una demora flexible que vuelve íntimo el groove y hace que cada pequeño adelanto sea perceptible.	La caja de Questlove, situada detrás del lugar exacto que anticipa el oído.	El bajo de Palladino, que enlaza notas fantasmas y silencios alrededor de la voz.	One Mo’Gin inhabits the space just behind the beat where time seems to loosen without losing precision. D’Angelo, Questlove and Pino Palladino do not land late separately: voice, snare and bass share a flexible delay that makes the groove intimate and every small push forward perceptible.	Questlove’s snare sitting behind the exact place the ear anticipates.	Palladino’s bass linking ghost notes and silences around the voice.	One Mo’Gin habite l’espace juste derrière le temps, là où celui-ci semble se détendre sans perdre sa précision. D’Angelo, Questlove et Pino Palladino ne jouent pas tard chacun de leur côté : voix, caisse claire et basse partagent un retard flexible qui rend le groove intime et chaque petite avance perceptible.	La caisse claire de Questlove, placée derrière l’endroit précis que l’oreille anticipe.	La basse de Palladino, qui relie notes fantômes et silences autour de la voix.
song-115	Didn’t Cha Know piensa en voz alta sin convertir la duda en debilidad. Erykah Badu se mueve alrededor del sample de Tarika Blue con un fraseo que suena conversado, pero cada pausa y cada repetición están musicalmente medidas; el groove conserva su calidez mientras la letra acepta no conocer todavía el camino.	La manera en que Badu entra después de la caja y deja que la frase encuentre su propio equilibrio.	El sample de cuerdas y teclado, reconocible pero suficientemente abierto para alojar cambios de perspectiva.	Didn’t Cha Know thinks aloud without turning uncertainty into weakness. Erykah Badu moves around the Tarika Blue sample with phrasing that sounds conversational, yet every pause and every repetition are musically measured; the groove retains its warmth while the lyric accepts not yet knowing the way.	The way Badu enters after the snare and lets the phrase find its own balance.	The string-and-keyboard sample, recognizable yet open enough to hold shifts in perspective.	Didn’t Cha Know pense à voix haute sans faire du doute une faiblesse. Erykah Badu se déplace autour du sample de Tarika Blue avec un phrasé conversationnel, mais chaque pause et chaque répétition sont mesurées musicalement ; le groove garde sa chaleur tandis que le texte accepte de ne pas encore connaître le chemin.	La manière dont Badu entre après la caisse claire et laisse la phrase trouver son propre équilibre.	Le sample de cordes et de clavier, reconnaissable mais assez ouvert pour accueillir des changements de perspective.
song-116	Sería feliz no presenta la felicidad como meta clara, sino como una frase que cambia de sentido al repetirse. Julieta Venegas deja huecos alrededor de una melodía sencilla y alterna afirmación, deseo y duda sin dramatizar la contradicción; el arreglo contenido permite que la indecisión sea el verdadero movimiento.	Las pausas después del título, donde la certeza queda inmediatamente bajo sospecha.	Los detalles de teclado y guitarra que aparecen una vez y dejan el espacio casi intacto.	Sería feliz presents happiness not as a clear destination but as a phrase whose meaning changes through repetition. Julieta Venegas leaves gaps around a simple melody and alternates statement, desire and doubt without dramatizing the contradiction; the restrained arrangement lets indecision become the real movement.	The pauses after the title phrase, where certainty is immediately called into question.	The keyboard and guitar details appearing once and leaving the surrounding space almost intact.	Sería feliz ne présente pas le bonheur comme une destination claire, mais comme une phrase dont le sens change à force d’être répétée. Julieta Venegas laisse des vides autour d’une mélodie simple et alterne affirmation, désir et doute sans dramatiser la contradiction ; l’arrangement retenu fait de l’indécision le véritable mouvement.	Les pauses après la phrase-titre, où la certitude est aussitôt mise en doute.	Les détails de clavier et de guitare qui n’apparaissent qu’une fois et laissent l’espace presque intact.
song-117	Something About Us hace que una voz artificial parezca vulnerable precisamente porque no puede elevarse ni quebrarse de manera convencional. Daft Punk rodea el vocoder con bajo redondo, acordes eléctricos y una batería discreta; la moderación del arreglo deja que una confesión incierta resulte más humana que un gran clímax.	El bajo que responde a las frases vocales con movimientos cortos y cálidos.	Las pequeñas variaciones del vocoder, donde la limitación tecnológica se convierte en matiz emocional.	Something About Us makes an artificial voice sound vulnerable precisely because it cannot rise or break conventionally. Daft Punk surrounds the vocoder with rounded bass, electric chords and discreet drums; the arrangement’s restraint lets an uncertain confession feel more human than a large climax.	The bass answering vocal phrases with short, warm movements.	The vocoder’s small variations, where technological limitation becomes emotional nuance.	Something About Us rend une voix artificielle vulnérable précisément parce qu’elle ne peut ni s’élever ni se briser de manière conventionnelle. Daft Punk entoure le vocodeur d’une basse ronde, d’accords électriques et d’une batterie discrète ; la retenue de l’arrangement donne à une confession incertaine plus d’humanité qu’un grand climax.	La basse qui répond aux phrases vocales par de courts mouvements chaleureux.	Les petites variations du vocodeur, où la limite technologique devient nuance émotionnelle.
song-118	Pyramid Song suspende la medida del tiempo hasta que la batería revela que el piano siempre tuvo un cuerpo preciso. Radiohead coloca voz, acordes y cuerdas en un espacio que parece flotar; cuando entra Phil Selway, los acentos ambiguos se alinean sin perder misterio y la canción avanza como una procesión bajo el agua.	El patrón del piano, cuyos silencios importan tanto como los acordes.	La entrada de la batería, momento en que una forma incierta se vuelve físicamente comprensible.	Pyramid Song suspends the measurement of time until the drums reveal that the piano always had a precise body. Radiohead places voice, chords and strings in a space that seems to float; when Phil Selway enters, ambiguous accents align without losing mystery and the song moves like a procession underwater.	The piano pattern, whose silences matter as much as its chords.	The drums’ entrance, when an uncertain form becomes physically understandable.	Pyramid Song suspend la mesure du temps jusqu’à ce que la batterie révèle que le piano possédait depuis le début un corps précis. Radiohead place voix, accords et cordes dans un espace qui semble flotter ; lorsque Phil Selway entre, les accents ambigus s’alignent sans perdre leur mystère et la chanson avance comme une procession sous l’eau.	Le motif de piano, dont les silences comptent autant que les accords.	L’entrée de la batterie, moment où une forme incertaine devient physiquement compréhensible.
song-041	Hard to Explain enfrenta una banda aparentemente rígida con una voz que se niega a obedecer por completo esa cuadrícula. The Strokes comprimen batería y guitarras hasta hacerlas sonar casi mecánicas; Julian Casablancas acelera, retrasa y corta las frases, introduciendo una confusión humana dentro del diseño preciso.	La batería tratada, seca y uniforme, que funciona como marco más que como interpretación expresiva.	Las entradas de la voz fuera del acento esperado, responsables de la tensión del estribillo.	Hard to Explain sets an apparently rigid band against a voice refusing to obey that grid completely. The Strokes compress drums and guitars until they sound almost mechanical; Julian Casablancas speeds, delays and cuts phrases, introducing human confusion into a precise design.	The treated drums, dry and even, functioning as frame rather than expressive performance.	The vocal entrances away from the expected accent, creating the chorus’s tension.	Hard to Explain oppose un groupe apparemment rigide à une voix qui refuse d’obéir entièrement à cette grille. The Strokes compressent batterie et guitares jusqu’à les rendre presque mécaniques ; Julian Casablancas accélère, retarde et coupe les phrases, introduisant une confusion humaine dans un dessin précis.	La batterie traitée, sèche et uniforme, qui sert de cadre plutôt que d’interprétation expressive.	Les entrées de la voix hors de l’accent attendu, responsables de la tension du refrain.
song-042	Galang organiza ruido, consignas y movimiento sin pedir permiso a una estructura pop convencional. M.I.A. mantiene una dirección vocal nítida mientras sintetizadores, sirenas y percusión recortada cambian de sitio; el beat parece hecho con señales urbanas que conservan su aspereza al volverse canción.	Las ráfagas de sintetizador que responden a la voz con formas distintas en cada sección.	El espacio seco alrededor de la percusión, que impide que la abundancia de sonidos se vuelva masa.	Galang organizes noise, slogans and motion without asking permission from conventional pop structure. M.I.A. keeps a clear vocal direction while synthesizers, sirens and clipped percussion change places; the beat seems made from urban signals retaining their roughness as they become song.	The synthesizer bursts answering the voice with different shapes in each section.	The dry space around percussion keeping the abundance of sounds from becoming a mass.	Galang organise bruit, slogans et mouvement sans demander la permission à une structure pop conventionnelle. M.I.A. maintient une direction vocale nette tandis que synthétiseurs, sirènes et percussions découpées changent de place ; le beat semble fait de signaux urbains qui gardent leur rugosité en devenant chanson.	Les rafales de synthétiseur qui répondent à la voix sous des formes différentes dans chaque section.	L’espace sec autour des percussions, qui empêche l’abondance de sons de devenir une masse.
song-119	Loíza usa el ritmo como archivo vivo de una comunidad afro-puertorriqueña, no como fondo para una denuncia. Tego Calderón conecta bomba, hip-hop y reguetón mientras nombra racismo, desigualdad y orgullo local con una voz frontal; la percusión sostiene memoria y presente dentro del mismo pulso.	Los barriles y respuestas rítmicas que desplazan el centro más allá del dembow habitual.	El fraseo grave de Tego, que deja espacio después de cada afirmación para que el ritmo responda.	Loíza uses rhythm as a living archive of an Afro-Puerto Rican community, not as background for protest. Tego Calderón connects bomba, hip-hop and reggaeton while naming racism, inequality and local pride in a frontal voice; percussion holds memory and present inside the same pulse.	The barrel drums and rhythmic replies shifting the centre beyond a standard dembow.	Tego’s low phrasing leaving space after each assertion for the rhythm to answer.	Loíza utilise le rythme comme archive vivante d’une communauté afro-portoricaine, non comme fond sonore d’une dénonciation. Tego Calderón relie bomba, hip-hop et reggaeton tout en nommant racisme, inégalité et fierté locale d’une voix frontale ; les percussions tiennent mémoire et présent dans un même battement.	Les tambours barriles et les réponses rythmiques qui déplacent le centre au-delà du dembow habituel.	Le phrasé grave de Tego, qui laisse après chaque affirmation un espace où le rythme peut répondre.
song-044	Gasolina entiende la anticipación como arquitectura. Luny Tunes coloca el dembow, los gritos y las respuestas del coro en huecos exactos, mientras Daddy Yankee usa sílabas cortas para tensar y liberar cada compás; la repetición funciona porque una multitud puede prever el siguiente golpe y aun así sentir su impacto.	El silencio mínimo antes de la respuesta del coro, encargado de producir gran parte del impulso.	La alternancia entre el fraseo rápido y las palabras aisladas que toda la pista puede devolver.	Gasolina understands anticipation as architecture. Luny Tunes places dembow, shouts and chorus replies in exact gaps, while Daddy Yankee uses short syllables to tighten and release each bar; repetition works because a crowd can predict the next hit and still feel its impact.	The tiny silence before the chorus reply, responsible for much of the propulsion.	The alternation between rapid phrasing and isolated words the whole dance floor can return.	Gasolina conçoit l’anticipation comme une architecture. Luny Tunes place dembow, cris et réponses du chœur dans des vides précis, tandis que Daddy Yankee emploie des syllabes courtes pour tendre puis libérer chaque mesure ; la répétition fonctionne parce qu’une foule peut prévoir le coup suivant tout en ressentant son impact.	Le minuscule silence avant la réponse du chœur, responsable d’une grande part de l’impulsion.	L’alternance entre phrasé rapide et mots isolés que toute la piste peut renvoyer.
song-046	Archangel convierte fragmentos de una voz R&B en una presencia que parece recordar una canción incompleta. Burial corta, afina y deja respirar esas sílabas sobre una batería de pasos irregulares; el bajo profundo mantiene un refugio mientras los chasquidos y silencios sugieren una ciudad húmeda fuera de cuadro.	La voz recortada, que conserva emoción aunque ya no pueda reconstruirse como frase continua.	La caja y los hi-hats fuera de la cuadrícula, responsables de un avance que parece tropezar.	Archangel turns fragments of an R&B voice into a presence that seems to remember an incomplete song. Burial cuts, tunes and lets those syllables breathe over a drum pattern of irregular steps; deep bass provides shelter while clicks and silences suggest a wet city beyond the frame.	The chopped voice retaining emotion although it can no longer be rebuilt as a continuous sentence.	The snare and hi-hats outside the grid, creating forward motion that seems to stumble.	Archangel transforme les fragments d’une voix R&B en présence qui semble se souvenir d’une chanson incomplète. Burial découpe, accorde et laisse respirer ces syllabes sur une batterie aux pas irréguliers ; la basse profonde offre un refuge tandis que claquements et silences suggèrent une ville humide hors champ.	La voix découpée, qui garde son émotion bien qu’elle ne puisse plus être reconstituée en phrase continue.	La caisse claire et les charlestons hors de la grille, responsables d’une avancée qui semble trébucher.
song-045	All My Friends convierte una figura de piano casi invariable en medida del tiempo perdido. LCD Soundsystem suma batería, bajo y guitarras con paciencia, mientras James Murphy pasa de la observación seca a una urgencia que apenas puede contener; la repetición no detiene la canción, permite sentir cuánto ha cambiado quien la atraviesa.	El piano, idéntico en contorno pero distinto en peso cada vez que se añade una capa.	La voz al acercarse al límite del registro, donde la nostalgia deja de ser comentario.	All My Friends turns an almost unchanging piano figure into a measure of lost time. LCD Soundsystem adds drums, bass and guitars patiently while James Murphy moves from dry observation to barely contained urgency; repetition does not stop the song but lets us feel how much the person crossing it has changed.	The piano, identical in contour yet different in weight each time a layer is added.	The voice approaching the edge of its range, where nostalgia stops being commentary.	All My Friends transforme une figure de piano presque invariable en mesure du temps perdu. LCD Soundsystem ajoute patiemment batterie, basse et guitares tandis que James Murphy passe de l’observation sèche à une urgence à peine contenue ; la répétition n’arrête pas la chanson, elle permet de sentir combien celui qui la traverse a changé.	Le piano, identique dans son contour mais différent dans son poids à chaque nouvelle couche.	La voix à l’approche de la limite de son registre, où la nostalgie cesse d’être commentaire.
song-120	Love Like a Sunset, Parts I & II dedica casi todo su recorrido a preparar una voz que llegará tarde y durará poco. Phoenix acumula sintetizadores, guitarras y batería hasta un clímax instrumental, luego retira el peso y deja una melodía breve; esa entrada modifica retrospectivamente la abstracción anterior y la vuelve memoria emocional.	El aumento gradual de distorsión y densidad sin un cambio brusco de tempo.	La aparición de la voz después del clímax, frágil porque no intenta competir con lo que acaba de ocurrir.	Love Like a Sunset, Parts I & II devotes most of its course to preparing a voice that will arrive late and stay briefly. Phoenix accumulates synthesizers, guitars and drums into an instrumental climax, then removes the weight and leaves a short melody; that entrance retrospectively changes the preceding abstraction into emotional memory.	The gradual increase in distortion and density without a sudden tempo change.	The voice appearing after the climax, fragile because it does not try to compete with what just happened.	Love Like a Sunset, Parts I & II consacre presque tout son parcours à préparer une voix qui arrivera tard et restera peu. Phoenix accumule synthétiseurs, guitares et batterie jusqu’à un climax instrumental, puis retire le poids et laisse une brève mélodie ; cette entrée transforme rétrospectivement l’abstraction précédente en mémoire émotionnelle.	L’augmentation progressive de la distorsion et de la densité sans changement brusque de tempo.	L’apparition de la voix après le climax, fragile parce qu’elle ne cherche pas à rivaliser avec ce qui vient de se produire.
song-047	Pyramids usa un cambio de ritmo para derrumbar la distancia entre mito, trabajo, deseo y poder. Frank Ocean inicia entre sintetizadores expansivos y una figura histórica, pero la segunda mitad reduce la velocidad y acerca la voz a una escena nocturna; ambas partes se reflejan, mostrando cómo una fantasía puede ocultar una relación económica.	La transición central, donde el tempo percibido cae sin que la narración pierda continuidad.	La guitarra del tramo final, que comenta la voz con un brillo distante en lugar de ofrecer cierre.	Pyramids uses a beat change to collapse the distance among myth, labour, desire and power. Frank Ocean begins amid expansive synthesizers and a historical figure, but the second half slows down and brings the voice close to a nocturnal scene; both parts reflect each other, showing how fantasy can conceal an economic relationship.	The central transition, where perceived tempo drops without breaking narrative continuity.	The guitar in the final stretch, commenting on the voice with distant brightness rather than offering closure.	Pyramids utilise un changement de rythme pour abolir la distance entre mythe, travail, désir et pouvoir. Frank Ocean commence au milieu de synthétiseurs expansifs et d’une figure historique, puis la seconde moitié ralentit et rapproche la voix d’une scène nocturne ; les deux parties se reflètent et montrent comment une fantaisie peut masquer une relation économique.	La transition centrale, où le tempo perçu chute sans rompre la continuité narrative.	La guitare du dernier passage, qui commente la voix d’un éclat lointain au lieu d’offrir une conclusion.
song-121	Sing About Me, I’m Dying of Thirst pregunta quién controla una historia cuando la persona narrada puede responder, desaparecer o contradecir al rapero. Kendrick Lamar cambia de voz y perspectiva sobre un beat sobrio; un verso interrumpido por disparos y el paso posterior hacia la sed espiritual vuelven la estructura parte del argumento ético.	Las diferencias de cadencia que distinguen a cada narrador sin convertirlo en caricatura.	La interrupción abrupta de una voz, donde la forma niega el cierre que el relato esperaba.	Sing About Me, I’m Dying of Thirst asks who controls a story when the person being narrated can answer, disappear or contradict the rapper. Kendrick Lamar changes voice and perspective over a sober beat; a verse cut short by gunshots and the later turn towards spiritual thirst make structure part of the ethical argument.	The cadence differences distinguishing each narrator without turning anyone into caricature.	The abrupt interruption of one voice, where form denies the closure the story expected.	Sing About Me, I’m Dying of Thirst demande qui contrôle une histoire lorsque la personne dont elle parle peut répondre, disparaître ou contredire le rappeur. Kendrick Lamar change de voix et de perspective sur un beat sobre ; un couplet interrompu par des tirs puis le passage vers une soif spirituelle font de la structure une partie de l’argument éthique.	Les différences de cadence qui distinguent chaque narrateur sans en faire une caricature.	L’interruption brutale d’une voix, où la forme refuse la conclusion attendue par le récit.
song-049	Formation convierte la identidad sureña y afroamericana en postura, humor, memoria familiar y control del encuadre. Beyoncé alterna frases cortas, silencios y cambios de acento sobre un beat espacioso; los metales de Nueva Orleans no ilustran el origen, irrumpen como una fuerza histórica que comparte el presente con la voz.	Las pausas después de cada consigna, tan importantes para la autoridad como las palabras.	Los metales y la voz de Big Freedia, que abren el beat hacia una geografía y una comunidad concretas.	Formation turns Southern Black identity into stance, humour, family memory and control of the frame. Beyoncé alternates short phrases, silences and accent shifts over a spacious beat; the New Orleans horns do not illustrate origin but enter as a historical force sharing the present with her voice.	The pauses after each declaration, as important to authority as the words.	The horns and Big Freedia’s voice opening the beat towards a specific geography and community.	Formation transforme l’identité noire du Sud en attitude, humour, mémoire familiale et maîtrise du cadre. Beyoncé alterne phrases courtes, silences et déplacements d’accent sur un beat spacieux ; les cuivres de La Nouvelle-Orléans n’illustrent pas une origine, ils surgissent comme une force historique qui partage le présent avec la voix.	Les pauses après chaque affirmation, aussi importantes pour l’autorité que les mots.	Les cuivres et la voix de Big Freedia, qui ouvrent le beat vers une géographie et une communauté précises.
song-122	De aquí no sales coloca el cante flamenco dentro de una escena de motores, impactos metálicos y amenaza física. Rosalía no usa esos sonidos como actualización superficial: los ataques industriales responden a los melismas y convierten una relación de violencia en un espacio cerrado donde tradición y presente se enfrentan.	El motor de motocicleta, que funciona como pedal grave y como imagen de peligro.	Los golpes secos que contestan a la voz como si el entorno interrumpiera su relato.	De aquí no sales places flamenco singing inside a scene of engines, metallic impacts and physical threat. Rosalía does not use those sounds as a superficial update: industrial attacks answer the melismas and turn a violent relationship into an enclosed space where tradition and present confront one another.	The motorcycle engine functioning as both low drone and image of danger.	The dry hits answering the voice as though the surroundings were interrupting her account.	De aquí no sales place le chant flamenco dans une scène de moteurs, d’impacts métalliques et de menace physique. Rosalía n’emploie pas ces sons comme une simple modernisation : les attaques industrielles répondent aux mélismes et transforment une relation violente en espace clos où tradition et présent s’affrontent.	Le moteur de moto, à la fois bourdon grave et image du danger.	Les coups secs qui répondent à la voix comme si l’environnement interrompait son récit.
song-123	Immaterial usa timbres deliberadamente plásticos para imaginar una identidad sin peso fijo. SOPHIE hace saltar voces agudas entre bajos elásticos y percusiones de brillo artificial; la canción no pide que esa superficie parezca natural, celebra precisamente la posibilidad de construirse, cambiar y volver a empezar.	La voz que cambia de forma mediante afinación y edición sin perder impulso melódico.	Los golpes sintéticos, exagerados como objetos nuevos en vez de imitaciones de batería acústica.	Immaterial uses deliberately plastic timbres to imagine an identity without fixed weight. SOPHIE sends high voices bouncing among elastic bass and artificially bright percussion; the track does not ask its surface to seem natural, celebrating instead the possibility of construction, change and beginning again.	The voice changing shape through tuning and editing without losing melodic drive.	The synthetic hits exaggerated as new objects rather than imitations of acoustic drums.	Immaterial emploie des timbres délibérément plastiques pour imaginer une identité sans poids fixe. SOPHIE fait bondir des voix aiguës entre basses élastiques et percussions à l’éclat artificiel ; le morceau ne demande pas à cette surface de paraître naturelle, il célèbre précisément la possibilité de se construire, de changer et de recommencer.	La voix qui change de forme par l’accordage et le montage sans perdre son élan mélodique.	Les coups synthétiques, exagérés comme des objets nouveaux plutôt que comme des imitations de batterie acoustique.
song-124	Cellophane elimina casi toda protección entre interpretación y escucha. FKA twigs canta sobre un piano espaciado y deja expuestos respiración, esfuerzo y quiebres de registro; los detalles electrónicos aparecen con extrema moderación, de modo que cualquier cambio en la voz modifica el tamaño entero de la habitación.	La toma de aire antes de las notas altas, audible como parte del riesgo y no como defecto.	Las voces procesadas que aparecen al fondo, semejantes a pensamientos que la melodía principal no puede contener.	Cellophane removes almost all protection between performance and listener. FKA twigs sings over widely spaced piano, exposing breath, effort and breaks between registers; electronic details appear with extreme restraint, so any change in the voice alters the size of the entire room.	The breath before high notes, audible as part of the risk rather than a flaw.	The processed voices appearing in the background like thoughts the lead melody cannot contain.	Cellophane retire presque toute protection entre l’interprétation et l’écoute. FKA twigs chante sur un piano espacé et expose souffle, effort et ruptures de registre ; les détails électroniques apparaissent avec une extrême retenue, si bien que tout changement de la voix modifie la taille de la pièce entière.	La prise d’air avant les notes aiguës, audible comme partie du risque et non comme défaut.	Les voix traitées qui apparaissent au fond, semblables à des pensées que la mélodie principale ne peut contenir.
song-125	Andrea rehúsa convertir a su protagonista en símbolo unidimensional. Bad Bunny y Buscabulla alternan cercanía, observación social y una perspectiva femenina que corrige el relato desde dentro; los cambios de densidad y color sostienen una canción que protege la autonomía del personaje incluso cuando habla del peligro que la rodea.	El relevo entre las dos voces, que cambia quién mira y quién tiene derecho a definir a Andrea.	Las secciones más ligeras del arreglo, cuyo contraste evita que la amenaza ocupe toda la identidad del personaje.	Andrea refuses to turn its protagonist into a one-dimensional symbol. Bad Bunny and Buscabulla alternate intimacy, social observation and a female perspective correcting the story from within; shifts in density and colour sustain a song that protects the character’s autonomy even while addressing the danger around her.	The handoff between the two voices, changing who looks and who has the right to define Andrea.	The arrangement’s lighter sections, whose contrast prevents threat from occupying the character’s entire identity.	Andrea refuse de transformer sa protagoniste en symbole unidimensionnel. Bad Bunny et Buscabulla alternent proximité, observation sociale et perspective féminine qui corrige le récit de l’intérieur ; les changements de densité et de couleur soutiennent une chanson qui protège l’autonomie du personnage même en évoquant le danger qui l’entoure.	Le relais entre les deux voix, qui change la personne qui regarde et celle qui a le droit de définir Andrea.	Les sections plus légères de l’arrangement, dont le contraste empêche la menace d’occuper toute l’identité du personnage.
song-050	Te guardo sostiene una promesa sin convertirla en gran declaración. Silvana Estrada coloca el cuatro y la voz a una distancia íntima; las resonancias de las cuerdas continúan después de cada frase y permiten que el silencio complete aquello que la letra protege, mientras la intensidad nace de la respiración antes que del volumen.	El cuatro, que responde con notas breves y deja abiertas sus resonancias.	La forma en que la voz crece desde el aire de una frase, no desde una entrada repentina del arreglo.	Te guardo holds a promise without turning it into a grand declaration. Silvana Estrada places cuatro and voice at intimate distance; string resonances continue after each phrase and let silence complete what the lyric protects, while intensity grows from breath rather than volume.	The cuatro answering with brief notes and leaving its resonances open.	The way the voice grows out of a phrase’s air rather than a sudden arrangement entrance.	Te guardo tient une promesse sans la transformer en grande déclaration. Silvana Estrada place le cuatro et la voix à une distance intime ; les résonances des cordes se prolongent après chaque phrase et laissent le silence compléter ce que le texte protège, tandis que l’intensité naît du souffle plutôt que du volume.	Le cuatro, qui répond par de brèves notes et laisse ses résonances ouvertes.	La manière dont la voix grandit depuis l’air d’une phrase plutôt que par l’entrée soudaine de l’arrangement.
