id	es	en	fr
album-051	Escuchar esta grabación como simple testimonio de una voz deteriorada sería reducirla. Billie Holiday convierte cada límite físico en una decisión interpretativa y obliga a reconsiderar qué entendemos por belleza vocal.	Hearing this recording merely as evidence of a damaged voice would diminish it. Billie Holiday turns every physical limitation into an interpretive choice and asks us to reconsider what vocal beauty can mean.	Réduire cet enregistrement au témoignage d’une voix abîmée serait passer à côté de l’essentiel. Billie Holiday transforme chaque limite physique en choix d’interprétation et oblige à repenser la beauté vocale.
album-052	La tradición del jazz aparece aquí como una conversación que admite desacuerdo, humor y memoria. Mingus honra a quienes lo precedieron sin tratarlos como figuras inmóviles ni renunciar a su propia personalidad.	Jazz tradition appears here as a conversation roomy enough for disagreement, humour and memory. Mingus honours those who came before without freezing them into monuments or surrendering his own personality.	La tradition du jazz devient ici une conversation ouverte au désaccord, à l’humour et à la mémoire. Mingus rend hommage à ses prédécesseurs sans les figer en monuments ni renoncer à sa personnalité.
album-018	Pocas revoluciones musicales han sonado tan discretas. João Gilberto reduce el gesto, acerca la voz al oído y demuestra que cambiar la respiración de una canción puede modificar todo un lenguaje popular.	Few musical revolutions have sounded this discreet. João Gilberto reduces the gesture, brings the voice close to the ear and shows that changing a song’s breathing can reshape an entire popular language.	Peu de révolutions musicales ont paru aussi discrètes. João Gilberto réduit le geste, rapproche la voix de l’oreille et montre qu’une nouvelle respiration peut transformer tout un langage populaire.
album-011	La serenidad de esta sesión no proviene de conocer de antemano cada respuesta. Nace de músicos capaces de tomar decisiones frente a los demás y dejar que la incertidumbre permanezca audible.	The session’s serenity does not come from knowing every answer in advance. It grows from musicians making decisions in one another’s presence and allowing uncertainty to remain audible.	La sérénité de cette séance ne vient pas de réponses connues à l’avance. Elle naît de musiciens qui décident les uns devant les autres et laissent l’incertitude demeurer audible.
album-053	La libertad que propone Ornette Coleman no equivale a tocar sin vínculos. Melodía, blues y escucha colectiva siguen presentes, pero ya no obedecen a una jerarquía armónica que determine cada movimiento.	Ornette Coleman’s freedom is not the absence of bonds. Melody, blues and collective listening remain central, but they no longer submit to a harmonic hierarchy that dictates every move.	La liberté proposée par Ornette Coleman n’est pas l’absence de liens. Mélodie, blues et écoute collective restent centrales, sans plus obéir à une hiérarchie harmonique qui dicterait chaque mouvement.
album-054	La grabación conserva algo más que una actuación extraordinaria. Permite oír cómo un artista, una banda y una audiencia negocian en tiempo real la intensidad de una noche irrepetible.	The recording preserves more than an extraordinary performance. It lets us hear an artist, a band and an audience negotiate the intensity of an unrepeatable night in real time.	L’enregistrement conserve davantage qu’une performance exceptionnelle. Il permet d’entendre un artiste, un groupe et un public négocier en temps réel l’intensité d’une soirée impossible à reproduire.
album-012	La dimensión espiritual no funciona como decoración ni exige compartir una creencia concreta. Coltrane convierte disciplina, gratitud y entrega en una experiencia musical capaz de comunicar antes de ser explicada.	The spiritual dimension is neither decoration nor a demand for shared belief. Coltrane turns discipline, gratitude and surrender into a musical experience that communicates before it can be explained.	La dimension spirituelle n’est ni un décor ni l’exigence d’une croyance commune. Coltrane transforme discipline, gratitude et abandon en expérience musicale, intelligible avant même toute explication.
album-055	Nina Simone se niega a ofrecer una identidad estable para facilitar la escucha. Cada cambio de registro amplía la idea de quién puede hablar dentro de un disco de blues y desde qué emoción.	Nina Simone refuses to offer a stable identity for the listener’s convenience. Every shift of register expands the idea of who may speak within a blues record and from which emotion.	Nina Simone refuse l’identité stable qui faciliterait l’écoute. Chaque changement de registre élargit la question de savoir qui peut parler dans un disque de blues et depuis quelle émotion.
album-056	Detrás de su reputación como prodigio de estudio hay un relato sobre el momento en que la juventud deja de sentirse segura. La sofisticación importa porque vuelve visible esa fractura, no porque la disimule.	Behind its reputation as a studio marvel lies a story about the moment youth stops feeling secure. Sophistication matters because it makes that fracture visible rather than concealing it.	Derrière sa réputation de prodige de studio se trouve le récit d’une jeunesse qui cesse de se croire protégée. La sophistication compte parce qu’elle rend cette fracture visible au lieu de la masquer.
album-013	La imaginación del grupo ya no cabe dentro de la idea de cuatro músicos documentando una interpretación. Cada canción redefine qué puede considerarse una banda y convierte el estudio en parte de la composición.	The group’s imagination no longer fits the idea of four musicians documenting a performance. Each song redefines what a band can be and makes the studio part of composition itself.	L’imagination du groupe ne tient plus dans l’idée de quatre musiciens documentant une interprétation. Chaque chanson redéfinit ce qu’un groupe peut être et intègre le studio à la composition.
album-014	Estas canciones pertenecen al tramo final de la vida de Violeta Parra, pero no suenan como despedida ordenada. Amor, orgullo, violencia y lucidez permanecen juntos sin buscar una conclusión tranquilizadora.	These songs come from the final period of Violeta Parra’s life, yet they offer no orderly farewell. Love, pride, violence and lucidity remain together without seeking a reassuring conclusion.	Ces chansons appartiennent à la dernière période de la vie de Violeta Parra, sans former pour autant un adieu ordonné. Amour, fierté, violence et lucidité coexistent sans conclusion rassurante.
album-015	Un repertorio heredado cambia de sentido cuando Aretha Franklin decide desde qué lugar hablar. El amor deja de exigir obediencia y se convierte en una negociación donde necesidad, orgullo y reciprocidad pueden coexistir.	Inherited repertoire changes meaning when Aretha Franklin decides where she will speak from. Love stops demanding obedience and becomes a negotiation in which need, pride and reciprocity can coexist.	Un répertoire hérité change de sens lorsque Aretha Franklin décide depuis quelle position parler. L’amour cesse d’exiger l’obéissance et devient négociation où besoin, fierté et réciprocité peuvent coexister.
album-016	La ciudad que recorre este debut no ofrece moralejas ni personajes ejemplares. Sus habitantes aparecen con deseo, aburrimiento, riesgo y belleza, observados desde una cercanía que nunca se confunde con aprobación.	The city running through this debut offers neither morals nor exemplary characters. Its inhabitants carry desire, boredom, risk and beauty, observed at close range without mistaking proximity for approval.	La ville qui traverse ce premier album n’offre ni morale ni personnages exemplaires. Ses habitants portent désir, ennui, risque et beauté, observés de près sans que la proximité devienne approbation.
album-057	Jimi Hendrix no trata el estudio como una vitrina para la guitarra. Lo utiliza como un espacio maleable donde interpretación, montaje y electricidad pueden alterar la percepción del tamaño y la distancia.	Jimi Hendrix does not treat the studio as a display case for guitar. He uses it as a malleable space where performance, editing and electricity can alter our sense of scale and distance.	Jimi Hendrix ne traite pas le studio comme une vitrine pour la guitare. Il en fait un espace malléable où jeu, montage et électricité modifient notre perception de l’échelle et de la distance.
album-017	La irreverencia de Os Mutantes no consiste únicamente en mezclar referencias incompatibles. El grupo escucha la cultura popular como material disponible para desmontar, exagerar y volver propio mediante el juego.	Irreverence here means more than mixing incompatible references. Os Mutantes hears popular culture as material to dismantle, exaggerate and claim through play.	L’irrévérence d’Os Mutantes ne tient pas seulement au mélange de références incompatibles. Le groupe entend la culture populaire comme une matière à démonter, exagérer et s’approprier par le jeu.
album-058	La memoria rara vez avanza en línea recta, y estas canciones tampoco. Van Morrison vuelve sobre lugares, nombres e imágenes hasta que el recuerdo deja de ser relato y se convierte en estado físico.	Memory rarely moves in a straight line, and neither do these songs. Van Morrison circles places, names and images until recollection stops being narrative and becomes a physical state.	La mémoire avance rarement en ligne droite, tout comme ces chansons. Van Morrison tourne autour de lieux, de noms et d’images jusqu’à ce que le souvenir cesse d’être récit pour devenir état physique.
album-059	El proyecto colectivo respondió a un Brasil atravesado por modernización, censura y contradicciones culturales. Su fuerza sigue estando en rechazar la pureza y hacer del montaje una posición política y estética.	The collective project answered a Brazil shaped by modernization, censorship and cultural contradiction. Its force still lies in rejecting purity and turning montage into both an aesthetic and political position.	Ce projet collectif répondait à un Brésil traversé par modernisation, censure et contradictions culturelles. Sa force demeure dans le refus de la pureté et dans le montage comme position esthétique et politique.
album-060	La reserva de Nick Drake suele confundirse con fragilidad pasiva. En realidad, estas canciones revelan un compositor muy consciente del espacio, la prosodia y el momento exacto en que un arreglo debe retirarse.	Nick Drake’s reserve is often mistaken for passive fragility. These songs instead reveal a composer acutely aware of space, prosody and the precise moment when an arrangement should withdraw.	La réserve de Nick Drake est souvent confondue avec une fragilité passive. Ces chansons révèlent au contraire un compositeur très attentif à l’espace, à la prosodie et au moment où l’arrangement doit se retirer.
album-061	El éxtasis no aparece como hazaña individual, sino como una energía que necesita repetición y comunidad para crecer. La duración permite atravesar la contemplación sin separar cuerpo y experiencia espiritual.	Ecstasy arrives not as an individual feat but as an energy that needs repetition and community in order to grow. Duration carries contemplation forward without separating the body from spiritual experience.	L’extase n’apparaît pas comme prouesse individuelle, mais comme énergie nourrie par la répétition et la communauté. La durée prolonge la contemplation sans séparer le corps de l’expérience spirituelle.
album-062	La pesadez de Black Sabbath habla menos de fantasía escapista que de miedo moderno. Guerra, enfermedad mental, tecnología y precariedad obrera convierten los riffs en una forma concreta de ansiedad.	Black Sabbath’s heaviness speaks less about escapist fantasy than modern fear. War, mental distress, technology and working-class precarity turn the riffs into a tangible form of anxiety.	La lourdeur de Black Sabbath parle moins de fuite fantastique que de peur moderne. Guerre, détresse mentale, technologie et précarité ouvrière font des riffs une forme tangible d’angoisse.
album-063	Alice Coltrane imagina la búsqueda espiritual como desplazamiento entre tradiciones, timbres y estados de atención. El resultado no intenta borrar diferencias culturales, sino encontrar un espacio de contemplación entre ellas.	Alice Coltrane imagines spiritual seeking as movement among traditions, timbres and states of attention. The result does not erase cultural differences, but finds a contemplative space between them.	Alice Coltrane imagine la quête spirituelle comme un déplacement entre traditions, timbres et états d’attention. Le résultat n’efface pas les différences culturelles, il trouve entre elles un espace contemplatif.
album-064	La resistencia física de una banda tocando durante largos periodos convive con la intervención radical de la cinta. Can descubre que improvisar también puede significar cortar, reorganizar y escuchar después de tocar.	The physical endurance of a band playing for long stretches meets radical tape intervention. Can discovers that improvisation can also mean cutting, rearranging and listening after the performance.	L’endurance physique d’un groupe jouant sur de longues durées rencontre l’intervention radicale de la bande. Can découvre qu’improviser peut aussi signifier couper, réorganiser et écouter après avoir joué.
album-021	La forma de las canciones no ilustra simplemente una crítica social. Chico Buarque hace que el lenguaje mismo reproduzca rutina, presión y derrumbe, de modo que la estructura también participa en aquello que denuncia.	Song form does not merely illustrate social criticism here. Chico Buarque makes language reproduce routine, pressure and collapse, so structure itself participates in what the record denounces.	La forme des chansons n’illustre pas simplement une critique sociale. Chico Buarque fait reproduire au langage la routine, la pression et l’effondrement, si bien que la structure participe elle aussi à la dénonciation.
album-065	Antes de fijar una figura definitiva, Bowie prueba voces, personajes y modos de escritura con curiosidad visible. Esa condición transitoria vuelve al disco más humano que una simple colección de futuros anuncios.	Before settling on a definitive persona, Bowie tries voices, characters and modes of writing with visible curiosity. That transitional quality makes the record more human than a collection of future announcements.	Avant de fixer un personnage définitif, Bowie essaie voix, figures et modes d’écriture avec une curiosité visible. Cet état de transition rend le disque plus humain qu’une simple annonce de l’avenir.
album-066	La intimidad no depende de una confesión explícita. Françoise Hardy y Tuca construyen un espacio donde armonía, silencio y timbre permiten que la incertidumbre afectiva permanezca abierta.	Intimacy does not depend on explicit confession. Françoise Hardy and Tuca create a space where harmony, silence and timbre allow emotional uncertainty to remain open.	L’intimité ne dépend pas d’une confession explicite. Françoise Hardy et Tuca créent un espace où harmonie, silence et timbre permettent à l’incertitude affective de rester ouverte.
album-049	La pieza que da nombre al disco suele absorber la conversación, pero su significado cambia al convivir con humor, funk colectivo y psicodelia áspera. La secuencia revela una banda mucho menos solemne de lo que su leyenda sugiere.	The title piece often dominates discussion, yet its meaning changes beside humour, collective funk and rough psychedelia. The sequence reveals a band far less solemn than its legend suggests.	La pièce titre domine souvent les commentaires, mais son sens change au contact de l’humour, du funk collectif et d’un psychédélisme rugueux. La séquence révèle un groupe bien moins solennel que sa légende.
album-067	Cantar rock en japonés todavía se discutía como una decisión estética y cultural. Happy End resuelve la pregunta sin proclamas, demostrando que el idioma cotidiano podía habitar esa música con naturalidad y detalle local.	Singing rock in Japanese was still debated as an aesthetic and cultural choice. Happy End answers without proclamations, showing that everyday language could inhabit the music naturally and retain local detail.	Chanter le rock en japonais faisait encore débat sur les plans esthétique et culturel. Happy End répond sans manifeste et montre que la langue quotidienne peut habiter cette musique avec naturel et précision locale.
album-005	La franqueza de Joni Mitchell nunca significa ausencia de construcción. Cada revelación está sostenida por una compositora que entiende perspectiva, montaje emocional y la distancia necesaria para convertir experiencia en canción.	Joni Mitchell’s candour never means an absence of construction. Every disclosure is held by a writer who understands perspective, emotional editing and the distance needed to turn experience into song.	La franchise de Joni Mitchell ne signifie jamais absence de construction. Chaque dévoilement est porté par une autrice qui maîtrise perspective, montage émotionnel et distance nécessaire pour transformer l’expérience en chanson.
album-002	La pregunta que recorre el disco no busca una respuesta individual. Marvin Gaye conecta familia, guerra, ecología, fe y vida urbana para mostrar que la intimidad también pertenece a una comunidad herida.	The question running through the record has no individual answer. Marvin Gaye connects family, war, ecology, faith and urban life to show that intimacy also belongs to a wounded community.	La question qui traverse le disque n’appelle pas de réponse individuelle. Marvin Gaye relie famille, guerre, écologie, foi et vie urbaine pour montrer que l’intime appartient aussi à une communauté blessée.
album-068	El relato construye una fantasía cerrada y deliberadamente incómoda. Escucharlo hoy exige atender tanto a su eficacia cinematográfica como a la distancia crítica que reclama la mirada masculina de su narrador.	The narrative builds a sealed and deliberately uncomfortable fantasy. Hearing it now means attending both to its cinematic force and to the critical distance demanded by its narrator’s male gaze.	Le récit construit une fantaisie close et volontairement inconfortable. L’écouter aujourd’hui suppose d’entendre sa puissance cinématographique tout en gardant la distance critique qu’exige le regard masculin du narrateur.
album-069	Durante años, esta obra circuló más como secreto entre músicos y coleccionistas que como éxito de su época. Su recuperación posterior permite escuchar cuánto futuro había en una escritura que el mercado no supo ubicar.	For years this work circulated more as a secret among musicians and collectors than a success of its time. Its later recovery reveals how much future was present in writing the market could not place.	Pendant des années, cette œuvre a circulé comme un secret entre musiciens et collectionneurs plutôt que comme un succès de son époque. Sa redécouverte révèle l’avenir contenu dans une écriture que le marché ne savait pas situer.
album-019	La idea de comunidad no es sólo un tema, sino el método de creación. Voces jóvenes, amistades, referencias regionales y ambición internacional se reúnen sin borrar la singularidad de cada participante.	Community is not merely a theme but the method of creation. Young voices, friendships, regional references and international ambition meet without erasing the singularity of any participant.	La communauté n’est pas seulement un thème, mais la méthode de création. Jeunes voix, amitiés, références régionales et ambition internationale se rencontrent sans effacer la singularité de chacun.
album-070	La convivencia cotidiana de Novos Baianos se vuelve audible como una ética de conjunto. La alegría no aparece programada desde afuera, sino producida por músicos que se ceden espacio y se retan mutuamente.	The shared daily life of Novos Baianos becomes audible as an ensemble ethic. Joy is not programmed from outside, but produced by musicians who yield space and challenge one another.	La vie commune de Novos Baianos devient audible comme une éthique de groupe. La joie n’est pas programmée de l’extérieur, elle naît de musiciens qui se cèdent de la place et se provoquent mutuellement.
album-071	Aunque lleva el nombre de una banda, la obra pertenece al momento más radicalmente personal de Spinetta. Su diseño, sus silencios y sus cambios de tono defienden la fragilidad como una forma de independencia.	Although credited under a band name, the work belongs to Spinetta’s most radically personal moment. Its design, silences and shifts of tone defend fragility as a form of independence.	Bien qu’attribuée à un groupe, l’œuvre appartient au moment le plus radicalement personnel de Spinetta. Son dessin, ses silences et ses changements de ton défendent la fragilité comme forme d’indépendance.
album-020	Stevie Wonder utiliza la libertad conseguida en el estudio para mirar más allá de sí mismo. Tecnología, crítica social y placer melódico conviven porque la innovación está al servicio de una curiosidad moral constante.	Stevie Wonder uses hard-won studio freedom to look beyond himself. Technology, social criticism and melodic pleasure coexist because innovation serves a persistent moral curiosity.	Stevie Wonder utilise la liberté conquise en studio pour regarder au-delà de lui-même. Technologie, critique sociale et plaisir mélodique coexistent parce que l’innovation sert une curiosité morale constante.
album-072	Las referencias a la alquimia no convierten estas canciones en un tratado hermético. Jorge Ben las lleva a la calle, al cuerpo y a la conversación cotidiana con una ligereza que nunca simplifica su imaginación.	References to alchemy do not turn these songs into an esoteric treatise. Jorge Ben brings them into the street, the body and everyday conversation with a lightness that never diminishes his imagination.	Les références à l’alchimie ne transforment pas ces chansons en traité hermétique. Jorge Ben les ramène à la rue, au corps et à la conversation quotidienne avec une légèreté qui ne réduit jamais son imagination.
album-073	La portada y el título nacen de un episodio de persecución política convertido en sátira. Fela Kuti responde al poder sin separar denuncia, humor y una música diseñada para reunir cuerpos durante largos minutos.	The cover and title grow from an episode of political persecution turned into satire. Fela Kuti answers power without separating denunciation, humour and music built to gather bodies over long stretches.	La pochette et le titre viennent d’un épisode de persécution politique transformé en satire. Fela Kuti répond au pouvoir sans séparer dénonciation, humour et musique conçue pour rassembler les corps dans la durée.
album-023	El viaje espacial funciona como una invitación a imaginar otras formas de pertenecer. Parliament convierte el afrofuturismo en fiesta colectiva, con una mitología suficientemente absurda para hablar en serio de libertad.	Cosmic travel becomes an invitation to rethink belonging. Parliament turns Afrofuturism into participatory mythology, using extravagant characters to address liberation without surrendering humor.	Le voyage spatial devient une invitation à imaginer d’autres manières d’appartenir. Parliament transforme l’afrofuturisme en fête collective grâce à une mythologie assez absurde pour parler sérieusement de liberté.
album-022	Patti Smith entra al rock desde la poesía sin pedir permiso ni abandonar la ambigüedad de ninguno de los dos mundos. La voz escrita y la voz cantada se transforman mutuamente a lo largo del disco.	Patti Smith enters rock through poetry without asking permission or surrendering either world’s ambiguity. The written voice and the sung voice continually transform one another across the record.	Patti Smith entre dans le rock par la poésie sans demander la permission ni abandonner l’ambiguïté d’aucun des deux mondes. Voix écrite et voix chantée se transforment mutuellement tout au long du disque.
album-003	El tren permite pensar Europa como territorio, diseño y recuerdo, no sólo como geografía. Kraftwerk observa la modernidad con fascinación y distancia, dejando que bajo la precisión permanezca una melancolía difícil de borrar.	The train makes it possible to imagine Europe as territory, design and memory rather than geography alone. Kraftwerk observes modernity with fascination and distance, leaving an indelible melancholy beneath the precision.	Le train permet de penser l’Europe comme territoire, design et mémoire, pas seulement comme géographie. Kraftwerk observe la modernité avec fascination et distance, en laissant sous la précision une mélancolie persistante.
album-074	Las armonías de Cedric Myton y Roydel Johnson convierten la experiencia rastafari en presencia humana antes que en consigna. La producción de Lee Perry amplía esa dimensión sin volverla una postal exótica.	Cedric Myton and Roydel Johnson’s harmonies make Rastafarian experience a human presence before it becomes a slogan. Lee Perry’s production enlarges that dimension without turning it into an exotic postcard.	Les harmonies de Cedric Myton et Roydel Johnson font de l’expérience rastafari une présence humaine avant toute formule. La production de Lee Perry élargit cette dimension sans la réduire à une carte postale exotique.
album-075	Pensada inicialmente para un espacio público, esta música cuestiona la idea de que el fondo deba ser indiferente. Brian Eno propone una atención móvil, capaz de acercarse y alejarse sin agotar la obra.	Conceived initially for a public space, this music questions the idea that a background must be indifferent. Brian Eno proposes a mobile attention that can approach and withdraw without exhausting the work.	Conçue d’abord pour un espace public, cette musique remet en cause l’idée qu’un fond sonore doive être indifférent. Brian Eno propose une attention mobile, capable de s’approcher puis de s’éloigner sans épuiser l’œuvre.
album-025	La salsa se convierte en una forma de leer la ciudad latinoamericana desde sus trabajadores, migrantes y contradicciones. La ambición narrativa nunca disminuye el placer del baile ni la inteligencia del arreglo.	Salsa becomes a way of reading the Latin American city through its workers, migrants and contradictions. Narrative ambition never reduces the pleasure of dancing or the intelligence of the arrangement.	La salsa devient une manière de lire la ville latino-américaine à travers ses travailleurs, ses migrants et ses contradictions. L’ambition narrative ne diminue jamais le plaisir de danser ni l’intelligence des arrangements.
album-076	La tecnología aparece como parte de una sensibilidad pop y no como exhibición futurista. Yellow Magic Orchestra entiende que una máquina también puede producir humor, elegancia y melodías inmediatamente memorables.	Technology appears as part of a pop sensibility rather than a futuristic display. Yellow Magic Orchestra understands that a machine can also produce humour, elegance and immediately memorable melodies.	La technologie appartient ici à une sensibilité pop plutôt qu’à une démonstration futuriste. Yellow Magic Orchestra comprend qu’une machine peut aussi produire humour, élégance et mélodies immédiatement mémorables.
album-027	La transformación de Talking Heads cuestiona la idea de una banda organizada alrededor de un líder. Ritmos entrelazados, músicos invitados y estudio convierten la autoría en un problema colectivo deliberadamente visible.	Talking Heads’ transformation challenges the idea of a band organized around a leader. Interlocking rhythms, guest musicians and studio work make authorship a deliberately visible collective problem.	La transformation de Talking Heads remet en cause l’idée d’un groupe organisé autour d’un leader. Rythmes imbriqués, invités et travail de studio font de l’autorité un problème collectif volontairement visible.
album-077	La poesía de Neruda no recibe un acompañamiento respetuoso y distante. Los Jaivas la atraviesan con su propia historia musical hasta que palabra, paisaje e instrumentos parecen crecer dentro de la misma materia.	Neruda’s poetry does not receive a respectful, distant accompaniment. Los Jaivas pass it through their own musical history until words, landscape and instruments seem to grow from the same material.	La poésie de Neruda ne reçoit pas un accompagnement respectueux et distant. Los Jaivas la traversent avec leur propre histoire musicale jusqu’à faire croître mots, paysage et instruments dans une même matière.
album-028	Grabado durante la dictadura y mirando de frente a la modernización urbana, el disco combina superficie brillante y desconfianza. Charly García utiliza el lenguaje de la época sin aceptar sus promesas de normalidad.	Recorded under dictatorship while facing urban modernization head-on, the record combines a bright surface with mistrust. Charly García uses the era’s language without accepting its promises of normality.	Enregistré sous la dictature et face à la modernisation urbaine, le disque associe surface brillante et méfiance. Charly García emploie le langage de l’époque sans accepter ses promesses de normalité.
album-078	La calma de Sade Adu no debe confundirse con distancia emocional. Su control permite que deseo, orgullo y vulnerabilidad aparezcan sin competir por atención ni convertirse en un gran gesto dramático.	Sade Adu’s calm should not be mistaken for emotional distance. Her control allows desire, pride and vulnerability to appear without competing for attention or becoming a grand dramatic gesture.	Le calme de Sade Adu ne doit pas être confondu avec une distance émotionnelle. Sa maîtrise laisse désir, fierté et vulnérabilité apparaître sans rivaliser ni devenir un grand geste dramatique.
album-029	Las dos caras del álbum ofrecen maneras distintas de entrar en la imaginación de Kate Bush. Una reúne canciones autónomas y la otra exige seguir un relato continuo donde miedo, agua y transformación se confunden.	The album’s two sides offer different ways into Kate Bush’s imagination. One gathers self-contained songs, while the other asks the listener to follow a continuous tale where fear, water and transformation blur.	Les deux faces de l’album ouvrent des accès différents à l’imaginaire de Kate Bush. L’une réunit des chansons autonomes, l’autre demande de suivre un récit continu où peur, eau et transformation se mêlent.
album-031	La autonomía de Janet Jackson se escucha como proceso y no sólo como declaración. Aprender a establecer límites, habitar el deseo y dirigir el propio trabajo se vuelve parte del ritmo del álbum.	Janet Jackson’s autonomy is heard as a process rather than a declaration alone. Learning to set limits, inhabit desire and direct her own work becomes part of the album’s rhythm.	L’autonomie de Janet Jackson s’entend comme un processus et non comme une simple déclaration. Apprendre à poser des limites, habiter le désir et diriger son travail devient une part du rythme de l’album.
album-079	La tensión entre la escritura de Morrissey y la música de Johnny Marr impide que el disco permanezca en un solo estado de ánimo. Crueldad, deseo, humor y belleza se corrigen mutuamente.	The tension between Morrissey’s writing and Johnny Marr’s music keeps the record from settling into one mood. Cruelty, desire, humour and beauty continually correct one another.	La tension entre l’écriture de Morrissey et la musique de Johnny Marr empêche le disque de se fixer dans une seule humeur. Cruauté, désir, humour et beauté se corrigent mutuellement.
album-030	La amplitud del álbum no busca demostrar que Prince puede hacerlo todo, aunque casi lo consiga. Su variedad registra un momento histórico fracturado mediante voces y escalas que se niegan a formar una superficie uniforme.	The album’s breadth is not simply a demonstration that Prince can do everything, though it nearly achieves that. Its variety records a fractured historical moment through voices and scales that refuse a uniform surface.	L’ampleur de l’album ne sert pas seulement à prouver que Prince sait tout faire, même s’il y parvient presque. Sa diversité enregistre une époque fracturée à travers des voix et des échelles sans surface uniforme.
album-080	La fuerza documental convive con una construcción consciente del personaje y el espectáculo. Escuchar esa tensión permite comprender tanto la urgencia del grupo como los problemas que su impacto dejó abiertos.	Documentary force coexists with a conscious construction of character and spectacle. Hearing that tension helps explain both the group’s urgency and the unresolved problems left by its impact.	La force documentaire cohabite avec une construction consciente du personnage et du spectacle. Entendre cette tension aide à comprendre l’urgence du groupe autant que les problèmes laissés ouverts par son impact.
album-081	La saturación de información se convierte en una experiencia física. Public Enemy responde a un paisaje mediático hostil creando otro aún más intenso, donde escuchar exige tomar posición dentro del ruido.	Information overload becomes a physical experience. Public Enemy answers a hostile media landscape by building an even denser one, where listening requires taking a position inside the noise.	La saturation d’informations devient une expérience physique. Public Enemy répond à un paysage médiatique hostile en construisant un espace plus dense encore, où écouter oblige à prendre position dans le bruit.
album-082	La escala de las guitarras puede ser monumental, pero las canciones siguen dependiendo de decisiones melódicas muy precisas. Sonic Youth convierte afinaciones alternativas y ruido en una forma flexible de composición rock.	The guitars may reach monumental scale, yet the songs still depend on precise melodic choices. Sonic Youth turns alternate tunings and noise into a flexible method of rock composition.	Les guitares peuvent atteindre une échelle monumentale, mais les chansons reposent toujours sur des décisions mélodiques précises. Sonic Youth transforme accordages alternatifs et bruit en méthode souple de composition rock.
album-083	El tiempo de la interpretación qawwali no responde a la prisa de la canción comercial. Nusrat Fateh Ali Khan permite que palabra, repetición y respuesta colectiva acumulen una intensidad inseparable de la devoción.	Qawwali performance does not follow the urgency of the commercial song. Nusrat Fateh Ali Khan allows words, repetition and collective response to gather an intensity inseparable from devotion.	Le temps de l’interprétation qawwali ne suit pas l’urgence de la chanson commerciale. Nusrat Fateh Ali Khan laisse parole, répétition et réponse collective accumuler une intensité inséparable de la dévotion.
album-084	La melancolía no inmoviliza la obra, sino que abre una escala capaz de contener deseo, consuelo y temor. The Cure permite que el tiempo transforme esos estados sin obligarlos a llegar pronto a una resolución.	Sadness is not a static condition here, but a vast space that can contain desire, comfort and flashes of light. The Cure turns duration into a way of remaining inside it.	La mélancolie n’immobilise pas l’œuvre, elle ouvre une ampleur capable d’accueillir désir, consolation et peur. The Cure laisse le temps transformer ces états sans les forcer vers une résolution rapide.
album-085	Las palabras de Elizabeth Fraser no necesitan ofrecer un relato estable para producir significado. La voz comunica a través de sonido, respiración y movimiento, dejando que cada oyente construya una intimidad distinta.	Elizabeth Fraser’s words need not offer a stable narrative to create meaning. Her voice communicates through sound, breath and movement, allowing each listener to build a different intimacy.	Les mots d’Elizabeth Fraser n’ont pas besoin d’un récit stable pour produire du sens. Sa voix communique par le son, le souffle et le mouvement, laissant chaque auditeur construire une intimité différente.
album-086	La conversación entre Q-Tip y Phife Dawg propone una idea de virtuosismo basada en contraste y generosidad. Ninguna voz necesita dominar cuando la diferencia de carácter ya organiza el movimiento.	The exchange between Q-Tip and Phife Dawg proposes a form of virtuosity built on contrast and generosity. Neither voice needs to dominate when difference in character already organizes the movement.	L’échange entre Q-Tip et Phife Dawg propose une virtuosité fondée sur le contraste et la générosité. Aucune voix ne doit dominer lorsque la différence de caractère organise déjà le mouvement.
album-036	La escena de Bristol aparece como una red de afinidades antes que como un género terminado. Reggae, hip-hop, soul y cultura de sound system se encuentran sin perder la sombra de sus procedencias.	Bristol appears as a network of affinities before it becomes a finished genre. Reggae, hip-hop, soul and sound-system culture meet without losing the shadows of where they came from.	La scène de Bristol apparaît comme un réseau d’affinités avant de devenir un genre constitué. Reggae, hip-hop, soul et culture sound system se rencontrent sans perdre l’ombre de leurs origines.
album-006	La innovación técnica importa porque transforma la sensación corporal de escuchar una banda. Las guitarras dejan de ser objetos separados y se vuelven presión, cercanía y movimiento alrededor de la melodía.	Technical innovation matters because it changes the bodily sensation of hearing a band. Guitars cease to be separate objects and become pressure, proximity and movement around melody.	L’innovation technique importe parce qu’elle transforme la sensation physique d’écouter un groupe. Les guitares cessent d’être des objets séparés et deviennent pression, proximité et mouvement autour de la mélodie.
album-087	Estas grabaciones domésticas no suenan como borradores a la espera de una producción mayor. Su escala íntima permite que la electrónica conserve memoria, imperfección y una relación directa con la habitación donde nació.	These home recordings do not sound like drafts awaiting larger production. Their intimate scale lets electronic music retain memory, imperfection and a direct relationship with the room where it began.	Ces enregistrements domestiques ne ressemblent pas à des brouillons en attente d’une grande production. Leur échelle intime permet à l’électronique de garder mémoire, imperfection et lien direct avec la pièce où elle est née.
album-088	La aspereza no funciona como garantía automática de autenticidad. Nirvana la utiliza para recuperar contraste, incomodidad y espacio después de una fama que amenazaba con volver previsible cualquier gesto.	Roughness is not an automatic guarantee of authenticity. Nirvana uses it to recover contrast, discomfort and space after fame threatened to make every gesture predictable.	La rugosité ne garantit pas automatiquement l’authenticité. Nirvana l’utilise pour retrouver contraste, inconfort et espace après une célébrité qui menaçait de rendre chaque geste prévisible.
album-089	PJ Harvey convierte la confrontación en una relación inestable entre deseo, poder y exposición. La intensidad no simplifica a la narradora, sino que hace más visibles sus cambios de posición.	PJ Harvey turns confrontation into an unstable relationship among desire, power and exposure. Intensity does not simplify the narrator; it makes her shifts of position more visible.	PJ Harvey transforme la confrontation en relation instable entre désir, pouvoir et exposition. L’intensité ne simplifie pas la narratrice, elle rend plus visibles ses changements de position.
album-090	La precariedad de la grabación termina reforzando la imaginación colectiva. Nueve voces, referencias cinematográficas y estilos de rima distintos construyen un territorio compartido con recursos mínimos y personalidad desbordante.	The recording’s austerity ultimately strengthens the collective imagination. Nine voices, cinematic references and distinct rhyme styles build a shared territory with minimal resources and overflowing personality.	L’austérité de l’enregistrement renforce finalement l’imaginaire collectif. Neuf voix, des références cinématographiques et différents styles de rime construisent un territoire commun avec peu de moyens et une personnalité débordante.
album-032	La identidad mexicana no aparece como esencia fija ni como adorno folclórico. Café Tacvba la trata como una pregunta capaz de atravesar géneros, épocas y formas de hablar sin perder su carácter local.	Mexican identity appears neither as fixed essence nor folkloric ornament. Café Tacvba treats it as a question able to cross genres, eras and ways of speaking without losing its local character.	L’identité mexicaine n’apparaît ni comme essence fixe ni comme ornement folklorique. Café Tacvba en fait une question capable de traverser genres, époques et manières de parler sans perdre son caractère local.
album-038	La ciudad cabe en menos de cuarenta minutos porque Nas selecciona perspectivas, no porque reduzca su complejidad. Cada voz y cada escena amplían el barrio sin convertirlo en decorado para un héroe único.	The city fits into less than forty minutes because Nas selects perspectives, not because he reduces its complexity. Each voice and scene expands the neighbourhood without turning it into scenery for a lone hero.	La ville tient en moins de quarante minutes parce que Nas choisit des perspectives, non parce qu’il en réduit la complexité. Chaque voix et chaque scène élargissent le quartier sans en faire le décor d’un héros solitaire.
album-037	La atmósfera cinematográfica nunca se limita a citar un pasado elegante. Portishead utiliza materiales envejecidos para hablar de relaciones contemporáneas donde cercanía, vigilancia y desconfianza resultan inseparables.	The cinematic atmosphere never merely quotes an elegant past. Portishead uses weathered materials to address contemporary relationships in which closeness, vigilance and mistrust cannot be separated.	L’atmosphère cinématographique ne se contente jamais de citer un passé élégant. Portishead emploie des matières vieillies pour parler de relations contemporaines où proximité, vigilance et méfiance sont inséparables.
album-091	Dedicar un álbum completo a una sola pieza cambia la relación con el tiempo. Fishmans invita a reconocer transformaciones graduales que una estructura convencional trataría como transición y no como destino.	Devoting a whole album to one piece changes the listener’s relationship with time. Fishmans invites attention to gradual transformations that conventional structure would treat as transition rather than destination.	Consacrer tout un album à une seule pièce modifie le rapport au temps. Fishmans invite à reconnaître des transformations graduelles qu’une structure conventionnelle traiterait comme transition plutôt que comme destination.
album-092	Antes de que el French touch recibiera un nombre internacional, Motorbass ya conectaba cultura de club, hip-hop instrumental y placer de coleccionista. La música conserva la curiosidad de una escena que todavía estaba inventándose.	Before French touch acquired an international name, Motorbass was already connecting club culture, instrumental hip-hop and a collector’s pleasure. The music retains the curiosity of a scene still inventing itself.	Avant que la French touch ne reçoive un nom international, Motorbass reliait déjà culture club, hip-hop instrumental et plaisir de collectionneur. La musique garde la curiosité d’une scène encore en train de s’inventer.
album-033	Björk construye una relación entre paisaje y emoción sin convertir Islandia en ilustración turística. Cuerdas y electrónica encarnan fuerzas opuestas que su voz aprende a habitar sin reconciliarlas por completo.	Björk builds a relationship between landscape and emotion without turning Iceland into tourist illustration. Strings and electronics embody opposing forces that her voice learns to inhabit without fully reconciling them.	Björk construit un rapport entre paysage et émotion sans transformer l’Islande en illustration touristique. Cordes et électronique incarnent des forces opposées que sa voix apprend à habiter sans les réconcilier complètement.
album-093	La obra habla desde una realidad social que suele ser descrita por observadores externos. Racionais MC’s recupera el derecho a narrar desde dentro, atendiendo a personas concretas y a la ética de representarlas.	The work speaks from a social reality often described by outside observers. Racionais MC’s reclaims the right to narrate from within while remaining accountable to real people and the ethics of representing them.	L’œuvre parle depuis une réalité sociale souvent décrite par des regards extérieurs. Racionais MC’s reprend le droit de raconter de l’intérieur, en restant attentif aux personnes réelles et à l’éthique de leur représentation.
album-094	La imaginación retrofuturista de Air encuentra su fuerza en una escala doméstica. El porvenir no llega como ruptura violenta, sino como una luz distinta que transforma objetos y emociones reconocibles.	Air’s retrofuturist imagination finds its strength at domestic scale. The future arrives not as violent rupture, but as a different light transforming familiar objects and emotions.	L’imaginaire rétrofuturiste d’Air trouve sa force à l’échelle domestique. Le futur n’arrive pas comme rupture violente, mais comme une lumière différente qui transforme objets et émotions familiers.
album-095	El cambio de milenio se observa desde una América Latina atravesada por pantallas, mercados y crisis ambientales. Aterciopelados responde con ironía sin renunciar al juego ni a la posibilidad de bailar.	The turn of the millennium is observed from a Latin America shaped by screens, markets and environmental crisis. Aterciopelados answers with irony without abandoning play or the possibility of dancing.	Le changement de millénaire est observé depuis une Amérique latine traversée par écrans, marchés et crise écologique. Aterciopelados répond avec ironie sans renoncer au jeu ni à la possibilité de danser.
album-034	El aprendizaje del título no conduce a una conclusión estable. Lauryn Hill deja convivir autoridad, contradicción, deseo y responsabilidad, haciendo que la educación sea un proceso público y todavía incompleto.	The education named in the title leads to no stable conclusion. Lauryn Hill allows authority, contradiction, desire and responsibility to coexist, making learning a public and unfinished process.	L’apprentissage annoncé par le titre ne mène à aucune conclusion stable. Lauryn Hill fait coexister autorité, contradiction, désir et responsabilité, transformant l’éducation en processus public et inachevé.
album-039	La escritura de Shakira convierte la pérdida y la desconfianza en escenas de gran precisión visual. El alcance popular no reduce su extrañeza verbal, sino que permite que imágenes personales circulen masivamente.	Shakira’s writing turns loss and mistrust into sharply visual scenes. Popular reach does not diminish her verbal strangeness; it allows highly personal images to circulate on a massive scale.	L’écriture de Shakira transforme perte et méfiance en scènes d’une grande précision visuelle. Le succès populaire ne réduit pas son étrangeté verbale, il permet à des images très personnelles de circuler largement.
album-035	La salida de Soda Stereo deja a Cerati frente a una libertad que también contiene incertidumbre. El disco explora esa soledad mediante capas, samples y canciones que parecen observarse desde cierta distancia.	Leaving Soda Stereo places Cerati before a freedom that also contains uncertainty. The record explores that solitude through layers, samples and songs that seem to observe themselves from a slight distance.	La sortie de Soda Stereo place Cerati face à une liberté qui contient aussi de l’incertitude. Le disque explore cette solitude par couches, samples et chansons qui semblent s’observer à distance.
album-096	Julieta Venegas todavía no separa la canción accesible de la experimentación inquieta. Acordeón, guitarras y cambios de forma revelan una identidad artística dispuesta a avanzar sin elegir una sola ruta.	Julieta Venegas does not yet separate accessible songwriting from restless experimentation. Accordion, guitars and changes of form reveal an artistic identity willing to move without choosing a single route.	Julieta Venegas ne sépare pas encore chanson accessible et expérimentation inquiète. Accordéon, guitares et changements de forme révèlent une identité artistique prête à avancer sans choisir une seule voie.
album-040	La ansiedad ante el cambio de siglo no recibe un relato lineal ni una solución tecnológica. Radiohead permite que voces fragmentadas, paisajes digitales y silencios representen una identidad que ha perdido sus coordenadas.	Turn-of-the-century anxiety receives neither a linear narrative nor a technological solution. Radiohead lets fragmented voices, digital landscapes and silence represent an identity that has lost its coordinates.	L’angoisse du changement de siècle ne reçoit ni récit linéaire ni solution technologique. Radiohead laisse voix fragmentées, paysages numériques et silences représenter une identité qui a perdu ses repères.
album-007	Daft Punk devuelve la música house a recuerdos de infancia, melodías pop y fantasías animadas sin disminuir su potencia de club. La nostalgia se vuelve material para imaginar el futuro, no para refugiarse del presente.	Daft Punk reconnects house music with childhood memories, pop melody and animated fantasy without reducing its club power. Nostalgia becomes material for imagining the future rather than escaping the present.	Daft Punk relie la house aux souvenirs d’enfance, aux mélodies pop et aux fantasmes animés sans réduire sa puissance de club. La nostalgie devient une matière pour imaginer le futur plutôt qu’un refuge contre le présent.
album-041	La mitología del regreso del rock puede ocultar la modestia inteligente de estas canciones. The Strokes trabajan con límites estrictos y descubren cuánto carácter puede surgir al decidir qué dejar fuera.	The mythology of rock’s return can obscure the intelligent modesty of these songs. The Strokes work within strict limits and discover how much character can emerge from deciding what to leave out.	La mythologie du retour du rock peut masquer la modestie intelligente de ces chansons. The Strokes travaillent avec des limites strictes et découvrent tout le caractère qui naît de ce qu’ils choisissent d’écarter.
album-097	La presencia de Tego Calderón modifica quién puede ocupar el centro del reguetón y desde dónde puede hablar. Su negritud y su procedencia no aparecen como nota al margen, sino como fundamento.	Tego Calderón’s presence changes who may occupy reggaeton’s centre and where that voice may speak from. His Blackness and background are not footnotes, but foundations.	La présence de Tego Calderón change qui peut occuper le centre du reggaeton et depuis quel lieu parler. Sa négritude et son origine ne sont pas des notes marginales, mais des fondations.
album-098	La estructura fragmentaria convierte la escucha en una forma de asociación libre. Madlib y MF DOOM confían en que una imagen breve, una rima lateral o un corte abrupto pueden contener un mundo completo.	Fragmentary structure turns listening into free association. Madlib and MF DOOM trust a brief image, sideways rhyme or abrupt cut to contain an entire world.	La structure fragmentaire transforme l’écoute en association libre. Madlib et MF DOOM font confiance à une image brève, une rime oblique ou une coupure soudaine pour contenir un monde entier.
album-099	La elegancia de Phoenix depende de esconder el esfuerzo sin borrar la personalidad. Las canciones parecen ligeras porque cada decisión de ritmo, timbre y espacio ha sido reducida a lo indispensable.	Phoenix’s elegance depends on concealing effort without erasing personality. The songs feel light because every decision of rhythm, timbre and space has been reduced to what matters.	L’élégance de Phoenix tient à l’effacement de l’effort sans disparition de la personnalité. Les chansons paraissent légères parce que chaque décision de rythme, de timbre et d’espace est ramenée à l’essentiel.
album-042	La producción de inspiración sesentera no convierte la vida de Amy Winehouse en pieza de museo. Su escritura, su dicción y su sentido del humor mantienen cada escena incómodamente presente.	Sixties-inspired production does not turn Amy Winehouse’s life into a museum piece. Her writing, diction and humour keep every scene uncomfortably present.	La production inspirée des années soixante ne transforme pas la vie d’Amy Winehouse en pièce de musée. Son écriture, sa diction et son humour maintiennent chaque scène dans un présent inconfortable.
album-044	La ciudad se escucha desde habitaciones, transporte nocturno y conexiones que nunca terminan de completarse. Burial convierte el anonimato urbano en una forma de intimidad hecha de rastros y ausencias.	The city is heard from rooms, night transport and connections that never quite complete. Burial turns urban anonymity into an intimacy made of traces and absences.	La ville s’entend depuis des chambres, des transports nocturnes et des connexions jamais achevées. Burial transforme l’anonymat urbain en intimité faite de traces et d’absences.
album-100	Bailar y envejecer dejan de ser experiencias opuestas. James Murphy escribe desde el momento en que la euforia todavía es posible, pero ya carga memoria, pérdida y conciencia del tiempo.	Dancing and ageing cease to be opposing experiences. James Murphy writes from the moment when euphoria remains possible but already carries memory, loss and awareness of time.	Danser et vieillir cessent d’être des expériences opposées. James Murphy écrit depuis le moment où l’euphorie reste possible tout en portant mémoire, perte et conscience du temps.
album-043	La movilidad internacional que atraviesa la obra nunca se presenta como turismo inocente. M.I.A. escucha fronteras, mercancías y desigualdad dentro de sonidos que viajan y cambian de significado.	The international movement running through the work is never presented as innocent tourism. M.I.A. hears borders, commodities and inequality within sounds that travel and change meaning.	La mobilité internationale qui traverse l’œuvre n’est jamais présentée comme tourisme innocent. M.I.A. entend frontières, marchandises et inégalités dans des sons qui voyagent et changent de sens.
album-101	La fecha del título conecta infancia chilena, exilio y memoria política sin convertirlos en una autobiografía cerrada. Ana Tijoux permite que la historia personal dialogue con muchas otras trayectorias migrantes.	The date in the title connects Chilean childhood, exile and political memory without sealing them into autobiography. Ana Tijoux lets personal history converse with many other migrant trajectories.	La date du titre relie enfance chilienne, exil et mémoire politique sans les enfermer dans l’autobiographie. Ana Tijoux laisse son histoire personnelle dialoguer avec de nombreuses autres trajectoires migrantes.
album-045	Frank Ocean organiza pequeñas vidas alrededor de deseo, dinero, familia y distancia. La mirada cambia de personaje sin perder compasión, evitando que el lujo o la marginalidad funcionen como explicaciones completas.	Frank Ocean arranges small lives around desire, money, family and distance. The gaze shifts between characters without losing compassion, refusing to let wealth or marginality become complete explanations.	Frank Ocean organise de petites vies autour du désir, de l’argent, de la famille et de la distance. Le regard change de personnage sans perdre sa compassion, refusant que luxe ou marginalité deviennent des explications totales.
album-102	La espera prolongada no produce un regreso nostálgico. D’Angelo reúne una banda capaz de trabajar la historia del soul como práctica presente y de responder a una nueva urgencia política.	The long wait does not produce a nostalgic return. D’Angelo gathers a band able to treat soul history as present practice and answer a renewed political urgency.	La longue attente ne produit pas un retour nostalgique. D’Angelo réunit un groupe capable de travailler l’histoire de la soul comme pratique présente et de répondre à une urgence politique renouvelée.
album-103	La edad de Elza Soares no se utiliza como argumento de superación ni como curiosidad. Su experiencia entra en conflicto productivo con una escena joven y vuelve más incisivas las preguntas del disco.	Elza Soares’s age is neither a triumph-over-adversity argument nor a curiosity. Her experience enters productive conflict with a younger scene and makes the record’s questions more incisive.	L’âge d’Elza Soares n’est ni argument de dépassement ni curiosité. Son expérience entre en conflit productif avec une scène plus jeune et rend les questions du disque plus incisives.
album-009	Kendrick Lamar reúne historia personal, tradición musical negra y responsabilidad pública sin fingir que forman una identidad resuelta. La obra avanza mediante contradicciones que se vuelven más complejas en cada regreso.	Kendrick Lamar brings personal history, Black musical tradition and public responsibility together without pretending they form a resolved identity. The work advances through contradictions that become more complex with every return.	Kendrick Lamar réunit histoire personnelle, tradition musicale noire et responsabilité publique sans prétendre former une identité résolue. L’œuvre avance par des contradictions qui se complexifient à chaque retour.
album-104	Solange protege un espacio para pensar la experiencia de las mujeres negras sin convertirla en explicación para una mirada externa. La suavidad funciona como control del encuadre y no como renuncia al conflicto.	Solange protects a space for thinking about Black women’s experience without translating it for an outside gaze. Softness becomes control of the frame rather than a withdrawal from conflict.	Solange protège un espace pour penser l’expérience des femmes noires sans la traduire pour un regard extérieur. La douceur devient maîtrise du cadre plutôt que retrait du conflit.
album-046	La narración inspirada en una novela medieval no funciona como simple concepto. Rosalía utiliza capítulos, símbolos y recurrencias para examinar una relación abusiva desde distintas distancias emocionales.	The narrative inspired by a medieval novel is more than a concept. Rosalía uses chapters, symbols and recurrence to examine an abusive relationship from shifting emotional distances.	Le récit inspiré d’un roman médiéval dépasse le simple concept. Rosalía emploie chapitres, symboles et retours pour examiner une relation abusive depuis différentes distances émotionnelles.
album-105	SOPHIE escucha la identidad como materia que puede estirarse, endurecerse, brillar o perder forma. La radicalidad sonora permanece unida a preguntas íntimas sobre cuerpo, reconocimiento y deseo.	SOPHIE hears identity as matter that can stretch, harden, shine or lose form. Sonic radicalism remains tied to intimate questions of body, recognition and desire.	SOPHIE entend l’identité comme une matière capable de s’étirer, durcir, briller ou perdre sa forme. La radicalité sonore reste liée à des questions intimes de corps, de reconnaissance et de désir.
album-047	El encierro doméstico se convierte en espacio de percusión, discusión y descubrimiento. Fiona Apple deja entrar voces, golpes y respiraciones que normalmente serían eliminados, haciendo audible la comunidad alrededor de la escritura.	Domestic confinement becomes a space of percussion, argument and discovery. Fiona Apple admits voices, knocks and breaths usually edited away, making the community around the writing audible.	L’enfermement domestique devient espace de percussion, de discussion et de découverte. Fiona Apple laisse entrer voix, coups et souffles habituellement éliminés, rendant audible la communauté autour de l’écriture.
album-106	La experiencia del verano se extiende más allá de la postal turística. Bad Bunny conecta placer, distancia, desplazamiento y responsabilidad sin obligarlos a abandonar el ritmo ni a compartir un único tono.	Summer experience extends beyond the tourist postcard. Bad Bunny connects pleasure, distance, displacement and responsibility without forcing them out of rhythm or into a single tone.	L’expérience de l’été dépasse la carte postale touristique. Bad Bunny relie plaisir, distance, déplacement et responsabilité sans les faire sortir du rythme ni les soumettre à un seul ton.
album-107	La pista de baile aparece como un archivo vivo de prácticas negras y queer, pero nunca como una lección inmóvil. Beyoncé convierte la investigación histórica en movimiento presente y celebración compartida.	The dance floor becomes a living archive of Black and queer practices, never a static lesson. Beyoncé turns historical research into present movement and shared celebration.	La piste de danse devient archive vivante de pratiques noires et queer, jamais leçon figée. Beyoncé transforme la recherche historique en mouvement présent et célébration partagée.
album-108	El duelo no avanza aquí por etapas ordenadas ni culmina en una resolución. Silvana Estrada acepta sus regresos, sus silencios y su presencia física, permitiendo que acompañar sea más importante que superar.	Grief moves through no orderly stages and reaches no resolution here. Silvana Estrada accepts its returns, silences and physical presence, allowing accompaniment to matter more than overcoming.	Le deuil ne suit aucune étape ordonnée et n’aboutit à aucune résolution. Silvana Estrada accepte ses retours, ses silences et sa présence physique, donnant plus d’importance à l’accompagnement qu’au dépassement.
song-011	La violencia descrita no queda a una distancia segura. Billie Holiday obliga a escuchar cada imagen sin el refugio del espectáculo, convirtiendo una denuncia pública en una experiencia íntima e imposible de ignorar.	The violence described is never kept at a safe distance. Billie Holiday makes each image impossible to hear as spectacle, turning public protest into an intimate experience that cannot be ignored.	La violence décrite n’est jamais maintenue à distance. Billie Holiday impose chaque image sans le refuge du spectacle, transformant une dénonciation publique en expérience intime impossible à ignorer.
song-012	La promesa romántica adquiere credibilidad porque convive con la fragilidad. Édith Piaf no idealiza el amor desde la comodidad, sino desde una vida en la que imaginar otro color para el mundo era una forma de resistencia.	Romantic promise gains credibility because it lives beside fragility. Édith Piaf does not idealize love from comfort, but from a life in which imagining another color for the world could become a form of resistance.	La promesse amoureuse gagne en crédibilité parce qu’elle côtoie la fragilité. Édith Piaf n’idéalise pas l’amour depuis le confort, mais depuis une vie où imaginer une autre couleur au monde pouvait devenir une forme de résistance.
song-051	El personaje central entra en escena con una seguridad casi teatral, pero el verdadero poder reside en quién controla el relato. Muddy Waters convierte el alarde masculino en una demostración de presencia que definió buena parte del blues eléctrico de Chicago.	The central character enters with nearly theatrical confidence, yet the real power belongs to whoever controls the story. Muddy Waters turns masculine boasting into a display of presence that helped define Chicago electric blues.	Le personnage central entre en scène avec une assurance presque théâtrale, mais le véritable pouvoir appartient à celui qui contrôle le récit. Muddy Waters transforme la vantardise masculine en présence fondatrice du blues électrique de Chicago.
song-001	La fantasía de movilidad social cabe en la historia de un adolescente con una guitarra. Chuck Berry reconoció en esa figura una audiencia nueva y le dio un lenguaje en el que talento, ambición y juventud podían ocupar el centro.	A fantasy of social mobility fits inside the story of a teenager with a guitar. Chuck Berry recognized a new audience in that figure and gave it a language where talent, ambition and youth could take center stage.	Le rêve d’ascension sociale tient dans l’histoire d’un adolescent avec une guitare. Chuck Berry reconnaît dans cette figure un nouveau public et lui donne un langage où talent, ambition et jeunesse peuvent occuper le centre.
song-052	La modernidad llega sin necesidad de levantar la voz. João Gilberto reduce el gesto hasta que cada pausa importa y propone una intimidad que alteró para siempre la relación entre samba, canción popular y escucha doméstica.	Modernity arrives without raising its voice. João Gilberto reduces the gesture until every pause matters, proposing an intimacy that permanently changed the relationship among samba, popular song and domestic listening.	La modernité arrive sans hausser la voix. João Gilberto réduit le geste jusqu’à rendre chaque pause décisive et propose une intimité qui transforme durablement le rapport entre samba, chanson populaire et écoute domestique.
song-053	Una invitación sencilla se convierte en un intercambio cuya temperatura aumenta delante del oyente. Ray Charles borra las fronteras respetables entre iglesia, baile y deseo, haciendo que la participación colectiva sea parte esencial de la composición.	A simple invitation becomes an exchange whose temperature rises in front of the listener. Ray Charles erases respectable boundaries among church, dance and desire, making collective participation essential to the composition.	Une invitation simple devient un échange dont la température monte devant l’auditeur. Ray Charles efface les frontières respectables entre église, danse et désir, faisant de la participation collective un élément essentiel de la composition.
song-013	La esperanza nunca borra el cansancio acumulado detrás de ella. Sam Cooke canta el porvenir desde la experiencia concreta del peligro y la exclusión, por eso la promesa de cambio conserva tanto gravedad como posibilidad.	Hope never erases the exhaustion accumulated behind it. Sam Cooke sings the future from concrete experiences of danger and exclusion, allowing the promise of change to retain both gravity and possibility.	L’espoir n’efface jamais la fatigue accumulée derrière lui. Sam Cooke chante l’avenir depuis l’expérience concrète du danger et de l’exclusion, donnant à la promesse de changement sa gravité autant que sa possibilité.
song-014	La caída de una figura privilegiada se narra sin ofrecerle consuelo ni una moraleja estable. Bob Dylan convierte el juicio en una pregunta abierta sobre identidad, clase y la velocidad con que una posición social puede desaparecer.	The fall of a privileged figure is told without consolation or a stable moral. Bob Dylan turns judgment into an open question about identity, class and the speed with which social position can disappear.	La chute d’une figure privilégiée est racontée sans consolation ni morale stable. Bob Dylan transforme le jugement en question ouverte sur l’identité, la classe et la vitesse à laquelle une position sociale peut disparaître.
song-018	Una tradición espiritual se expande hasta adquirir las dimensiones de una prueba física y moral. Nina Simone no interpreta la búsqueda de redención como certeza religiosa, sino como persecución, resistencia y enfrentamiento consigo misma.	A spiritual tradition expands until it takes on the dimensions of a physical and moral trial. Nina Simone treats the search for redemption not as religious certainty, but as pursuit, endurance and confrontation with the self.	Une tradition spirituelle s’élargit jusqu’aux dimensions d’une épreuve physique et morale. Nina Simone aborde la quête de rédemption non comme certitude religieuse, mais comme poursuite, endurance et confrontation avec soi-même.
song-054	La mirada adulta vuelve a la juventud sin convertirla en una edad inocente. Violeta Parra encuentra en esa distancia preguntas sobre el tiempo, la pérdida y aquello que todavía puede aprenderse cuando la experiencia ya ha dejado marcas.	An adult gaze returns to youth without turning it into an innocent age. Violeta Parra finds within that distance questions about time, loss and what can still be learned after experience has already left its marks.	Un regard adulte revient vers la jeunesse sans en faire un âge innocent. Violeta Parra trouve dans cette distance des questions sur le temps, la perte et ce qui peut encore s’apprendre lorsque l’expérience a déjà laissé ses traces.
song-016	La exigencia de respeto abandona cualquier papel secundario y se vuelve una negociación en términos propios. Aretha Franklin transforma una canción ajena al cambiar quién habla, qué reclama y qué consecuencias tiene no escucharla.	The demand for respect leaves every supporting role and becomes a negotiation on its own terms. Aretha Franklin transforms someone else’s song by changing who speaks, what she demands and the consequences of refusing to listen.	L’exigence de respect quitte tout rôle secondaire et devient une négociation menée selon ses propres termes. Aretha Franklin transforme la chanson d’un autre en changeant qui parle, ce qui est réclamé et les conséquences du refus d’écouter.
song-055	El cuerpo deja de acompañar a la música y se convierte en su principal unidad de medida. James Brown organiza el conjunto alrededor del ataque, la repetición y la respuesta, abriendo una gramática que el funk seguiría explorando durante décadas.	The body stops merely accompanying music and becomes its main unit of measure. James Brown organizes the ensemble around attack, repetition and response, opening a grammar that funk would explore for decades.	Le corps cesse d’accompagner simplement la musique et devient sa principale unité de mesure. James Brown organise l’ensemble autour de l’attaque, de la répétition et de la réponse, ouvrant une grammaire que le funk explorera pendant des décennies.
song-017	Dos perspectivas incompatibles comparten espacio sin necesidad de resolverse. The Beatles conectan rutina cotidiana, recuerdo y catástrofe, permitiendo que la canción popular funcione a la vez como documento, sueño y montaje.	Two incompatible perspectives share space without needing resolution. The Beatles connect everyday routine, memory and catastrophe, allowing popular song to function at once as document, dream and montage.	Deux perspectives incompatibles partagent le même espace sans devoir se résoudre. Les Beatles relient quotidien, mémoire et catastrophe, permettant à la chanson populaire de fonctionner à la fois comme document, rêve et montage.
song-019	La soledad de un trabajador anónimo recibe una dignidad que rara vez concede la canción popular. Glen Campbell y Jimmy Webb observan la distancia sin exagerarla, confiando en que una imagen concreta pueda contener toda una vida interior.	The loneliness of an anonymous worker receives a dignity popular song rarely grants. Glen Campbell and Jimmy Webb observe distance without exaggerating it, trusting one concrete image to contain an entire inner life.	La solitude d’un travailleur anonyme reçoit une dignité rarement accordée par la chanson populaire. Glen Campbell et Jimmy Webb observent la distance sans l’exagérer, faisant confiance à une image concrète pour contenir toute une vie intérieure.
song-056	La psicodelia brasileña no aparece como una copia de modelos extranjeros, sino como un territorio irreverente de apropiación. Os Mutantes mezclan tradición, electricidad y humor hasta volver imposible separar homenaje, parodia e invención.	Brazilian psychedelia appears not as a copy of foreign models, but as an irreverent territory of appropriation. Os Mutantes mix tradition, electricity and humor until homage, parody and invention can no longer be separated.	La psychédélie brésilienne n’apparaît pas comme copie de modèles étrangers, mais comme territoire irrévérencieux d’appropriation. Os Mutantes mêlent tradition, électricité et humour jusqu’à rendre inséparables hommage, parodie et invention.
song-057	La canción de cuna conserva ternura, pero también la memoria del trabajo y la desigualdad que rodean al niño. Mercedes Sosa hace visible esa tensión sin romper la cercanía del arrullo ni convertirla en simple ilustración política.	The lullaby retains tenderness while carrying the memory of labor and inequality surrounding the child. Mercedes Sosa makes that tension visible without breaking the intimacy of the cradle song or reducing it to political illustration.	La berceuse garde sa tendresse tout en portant la mémoire du travail et des inégalités autour de l’enfant. Mercedes Sosa rend cette tension visible sans rompre l’intimité du chant ni le réduire à une illustration politique.
song-058	El viento funciona como mensajero entre una persona ausente y una tierra recordada desde lejos. Fairuz convierte el anhelo privado en una geografía compartida, capaz de reunir hogar, exilio y pertenencia sin simplificar ninguno.	The wind becomes a messenger between an absent person and a homeland remembered from afar. Fairuz turns private longing into a shared geography able to hold home, exile and belonging without simplifying any of them.	Le vent devient messager entre une personne absente et une terre rappelée de loin. Fairuz transforme le désir privé en géographie partagée, capable de réunir foyer, exil et appartenance sans simplifier aucun de ces termes.
song-059	Un obrero atraviesa la ciudad bajo una lógica que vuelve intercambiables sus acciones y su destino. Chico Buarque muestra cómo el orden cotidiano puede absorber una tragedia y continuar funcionando como si nada hubiera ocurrido.	A working day repeats until routine exposes the violence sustaining it. Chico Buarque uses small variations to show how a life can become trapped among urban discipline, public spectacle and anonymity.	Un ouvrier traverse la ville sous une logique qui rend interchangeables ses gestes et son destin. Chico Buarque montre comment l’ordre quotidien peut absorber une tragédie puis continuer comme si rien ne s’était produit.
song-060	La duda amorosa se mantiene abierta en lugar de conducir hacia una respuesta tranquilizadora. Françoise Hardy convierte la vulnerabilidad en pensamiento y permite que la incertidumbre tenga la misma importancia que el deseo.	Romantic doubt remains open instead of moving toward a reassuring answer. Françoise Hardy turns vulnerability into thought and allows uncertainty to matter as much as desire.	Le doute amoureux reste ouvert au lieu de conduire vers une réponse rassurante. Françoise Hardy transforme la vulnérabilité en pensée et permet à l’incertitude de compter autant que le désir.
song-061	La ciudad aparece mediante fragmentos que el recuerdo recoge mientras avanza. Happy End demuestra que el rock en japonés podía observar la vida cotidiana con naturalidad, sin elegir entre lenguaje local e imaginación cosmopolita.	The city appears through fragments gathered by memory as it moves. Happy End shows that Japanese-language rock could observe everyday life naturally, without choosing between local language and cosmopolitan imagination.	La ville apparaît par fragments recueillis par la mémoire en mouvement. Happy End montre que le rock en japonais pouvait observer le quotidien avec naturel, sans choisir entre langue locale et imagination cosmopolite.
song-062	La crisis urbana se cuenta desde el interior de una conciencia que ya no puede separar dolor personal y estructura social. Marvin Gaye pregunta, observa y responde sin adoptar el tono distante de quien cree tener todas las soluciones.	Urban crisis is told from inside a consciousness unable to separate personal pain from social structure. Marvin Gaye questions, observes and responds without adopting the distant tone of someone who believes he holds every solution.	La crise urbaine est racontée depuis une conscience qui ne peut plus séparer douleur personnelle et structure sociale. Marvin Gaye questionne, observe et répond sans prendre le ton distant de celui qui croit posséder toutes les solutions.
song-063	El deseo se presenta como una narración incompleta, atravesada por la mirada de quien recuerda y controla el montaje. Serge Gainsbourg convierte la seducción en un juego de poder cuya elegancia nunca elimina su incomodidad.	Desire appears as an incomplete narrative shaped by the gaze of whoever remembers and controls the edit. Serge Gainsbourg turns seduction into a power game whose elegance never erases its discomfort.	Le désir apparaît comme récit incomplet, traversé par le regard de celui qui se souvient et contrôle le montage. Serge Gainsbourg transforme la séduction en jeu de pouvoir dont l’élégance n’efface jamais le malaise.
song-064	El horizonte marítimo sirve como lugar de partida, pérdida e imaginación. Milton Nascimento une una experiencia íntima con la memoria colectiva de Minas Gerais, haciendo que el viaje permanezca ligado a quienes se quedan.	The maritime horizon becomes a place of departure, loss and imagination. Milton Nascimento joins intimate experience to the collective memory of Minas Gerais, keeping travel connected to those who remain behind.	L’horizon maritime devient lieu de départ, de perte et d’imagination. Milton Nascimento relie l’expérience intime à la mémoire collective du Minas Gerais, maintenant le voyage attaché à ceux qui restent.
song-065	La libertad se entiende como movimiento compartido, curiosidad y disponibilidad para cambiar de dirección. Novos Baianos hacen de la convivencia una forma musical, donde la identidad se construye en el encuentro y no en la pureza.	Freedom is understood as shared movement, curiosity and a willingness to change direction. Novos Baianos make coexistence into a musical form where identity is built through encounter rather than purity.	La liberté s’entend comme mouvement partagé, curiosité et disponibilité au changement de direction. Novos Baianos font de la coexistence une forme musicale où l’identité se construit dans la rencontre plutôt que dans la pureté.
song-023	La petición más educada encierra una amenaza que ninguna cortesía puede disimular. Dolly Parton hace de los celos una confesión sin villanos simples, concediendo humanidad tanto a quien suplica como a la mujer imaginada frente a ella.	The most courteous request contains a threat no politeness can disguise. Dolly Parton turns jealousy into a confession without simple villains, granting humanity both to the person pleading and the imagined woman before her.	La demande la plus polie contient une menace qu’aucune courtoisie ne peut dissimuler. Dolly Parton fait de la jalousie une confession sans méchants faciles, accordant une humanité à celle qui supplie comme à la femme imaginée face à elle.
song-066	Una escena nocturna y aparentemente menor contiene preguntas sobre juventud, muerte y pertenencia. Pescado Rabioso observa ese territorio con una mezcla de ironía y desamparo que impide convertir la oscuridad en simple pose.	A nocturnal and seemingly minor scene contains questions of youth, death and belonging. Pescado Rabioso observes that territory through a mixture of irony and abandonment that keeps darkness from becoming a mere pose.	Une scène nocturne apparemment mineure contient des questions de jeunesse, de mort et d’appartenance. Pescado Rabioso observe ce territoire avec un mélange d’ironie et d’abandon qui empêche l’obscurité de devenir simple posture.
song-067	La conversación entre dos voces convierte el paso de las estaciones en una reflexión sobre la vida compartida. Elis Regina y Tom Jobim encuentran profundidad en imágenes cotidianas, sin imponer una jerarquía entre lo fugaz y lo permanente.	A conversation between two voices turns changing seasons into a reflection on shared life. Elis Regina and Tom Jobim find depth in everyday images without imposing a hierarchy between the fleeting and the permanent.	La conversation entre deux voix transforme le passage des saisons en réflexion sur la vie partagée. Elis Regina et Tom Jobim trouvent de la profondeur dans les images quotidiennes sans établir de hiérarchie entre l’éphémère et le permanent.
song-068	La transformación se anuncia como una llegada colectiva que puede alterar tanto el mundo exterior como la percepción. Jorge Ben convierte una figura esotérica en celebración popular, abierta al juego, el movimiento y la imaginación comunitaria.	Transformation is announced as a collective arrival capable of changing both the outside world and perception. Jorge Ben turns an esoteric figure into popular celebration open to play, movement and communal imagination.	La transformation s’annonce comme arrivée collective capable de modifier le monde extérieur autant que la perception. Jorge Ben transforme une figure ésotérique en célébration populaire ouverte au jeu, au mouvement et à l’imagination commune.
song-069	La memoria no necesita explicarse para conservar su intensidad. Mulatu Astatke deja que una melodía suspendida sugiera distancia, regreso y reconocimiento, situando la tradición etíope dentro de una conversación urbana e internacional.	Memory needs no explanation to retain its intensity. Mulatu Astatke lets a suspended melody suggest distance, return and recognition, placing Ethiopian tradition within an urban and international conversation.	La mémoire n’a pas besoin de s’expliquer pour garder son intensité. Mulatu Astatke laisse une mélodie suspendue suggérer distance, retour et reconnaissance, inscrivant la tradition éthiopienne dans une conversation urbaine et internationale.
song-070	Una afirmación proverbial se convierte en argumento político sobre aquello que ninguna persona puede poseer. Fela Kuti desarrolla esa idea como experiencia colectiva, haciendo que duración, insistencia y baile formen parte del razonamiento.	A proverbial statement becomes a political argument about what no person can own. Fela Kuti develops that idea as a collective experience, making duration, insistence and dance part of the reasoning.	Une formule proverbiale devient argument politique sur ce qu’aucune personne ne peut posséder. Fela Kuti développe cette idée comme expérience collective, faisant de la durée, de l’insistance et de la danse des éléments du raisonnement.
song-071	El consejo de un padre transforma una imagen doméstica en una meditación sobre dignidad y pérdida. Cartola evita el sentimentalismo fácil al reconocer que el cariño no puede impedir el desgaste ni decidir por quien se marcha.	A father’s advice turns a domestic image into a meditation on dignity and loss. Cartola avoids easy sentiment by recognizing that affection can neither prevent erosion nor decide for the person who leaves.	Le conseil d’un père transforme une image domestique en méditation sur la dignité et la perte. Cartola évite le sentimentalisme facile en reconnaissant que l’affection ne peut empêcher l’usure ni décider pour celui qui part.
song-072	La mujer observada no queda reducida a una escena trágica ni a la mirada de quien la recuerda. Joni Mitchell examina las condiciones materiales y emocionales de su aislamiento, dejando abiertas las preguntas que el relato no puede resolver.	The woman observed is reduced neither to a tragic scene nor to the gaze of whoever remembers her. Joni Mitchell examines the material and emotional conditions of her isolation, leaving open the questions the story cannot resolve.	La femme observée n’est réduite ni à une scène tragique ni au regard de celui qui se souvient d’elle. Joni Mitchell examine les conditions matérielles et émotionnelles de son isolement, laissant ouvertes les questions que le récit ne peut résoudre.
song-022	El amor se imagina como una fuerza capaz de atravesar el tiempo sin perder curiosidad. Stevie Wonder rehúye la solemnidad y construye una promesa donde conocimiento, juego y compromiso pertenecen al mismo impulso.	Love is imagined as a force able to travel through time without losing curiosity. Stevie Wonder avoids solemnity and builds a promise in which knowledge, play and commitment belong to the same impulse.	L’amour est imaginé comme une force capable de traverser le temps sans perdre sa curiosité. Stevie Wonder évite la solennité et construit une promesse où connaissance, jeu et engagement appartiennent au même élan.
song-021	La información cotidiana aparece incompleta, vista desde una habitación donde el mundo exterior apenas alcanza a entrar. David Bowie convierte esa distancia en una forma de atención, tan atraída por la superficie como consciente de lo que queda fuera.	Everyday information appears incomplete, seen from a room where the outside world barely enters. David Bowie turns that distance into a form of attention, attracted to surfaces yet aware of what remains beyond them.	L’information quotidienne apparaît incomplète, vue depuis une pièce où le monde extérieur entre à peine. David Bowie transforme cette distance en forme d’attention, attirée par les surfaces tout en sachant ce qui reste au-delà.
song-073	Una masacre deja de ser una cifra cuando recibe nombre, lugar y una voz que exige memoria. Miriam Makeba convierte el duelo en acusación y rechaza la neutralidad ante la violencia del apartheid.	A massacre stops being a statistic once it receives a name, a place and a voice demanding memory. Miriam Makeba turns mourning into accusation and rejects neutrality toward the violence of apartheid.	Un massacre cesse d’être un chiffre lorsqu’il reçoit un nom, un lieu et une voix exigeant la mémoire. Miriam Makeba transforme le deuil en accusation et refuse toute neutralité face à la violence de l’apartheid.
song-074	La promesa de prosperidad urbana se observa desde la experiencia de quien llega buscando una oportunidad. Rubén Blades narra el desencanto sin perder de vista la agencia del personaje ni las estructuras que limitan sus opciones.	The promise of urban prosperity is observed through someone arriving in search of opportunity. Rubén Blades narrates disillusionment without losing sight of the character’s agency or the structures limiting his choices.	La promesse de prospérité urbaine est observée depuis l’expérience de celui qui arrive en quête d’une chance. Rubén Blades raconte la désillusion sans perdre de vue l’initiative du personnage ni les structures qui limitent ses choix.
song-075	La madrugada suspende las obligaciones diurnas y deja espacio para una intimidad que no necesita llegar a una conclusión. Taeko Ohnuki convierte la hora en un estado emocional, entre cercanía, distancia y posibilidad.	The early morning suspends daytime obligations and leaves room for an intimacy that needs no conclusion. Taeko Ohnuki turns the hour into an emotional state poised among closeness, distance and possibility.	L’aube suspend les obligations du jour et laisse place à une intimité qui n’a pas besoin de conclusion. Taeko Ohnuki transforme l’heure en état émotionnel, entre proximité, distance et possibilité.
song-076	La confesión romántica se mantiene ligera sin perder precisión emocional. Michael Jackson ocupa el espacio entre amistad y deseo con una delicadeza que vuelve más reveladoras las dudas que cualquier declaración definitiva.	The romantic confession remains light without losing emotional precision. Michael Jackson inhabits the space between friendship and desire with a delicacy that makes hesitation more revealing than any definitive declaration.	La confession amoureuse reste légère sans perdre sa précision émotionnelle. Michael Jackson habite l’espace entre amitié et désir avec une délicatesse qui rend les hésitations plus révélatrices que toute déclaration définitive.
song-077	La máscara tecnológica no oculta una identidad estable, sino que pregunta quién controla aquello que vemos. Yellow Magic Orchestra sitúa esa inquietud dentro de una cultura cada vez más mediada por pantallas, máquinas e imágenes reproducibles.	The technological mask hides no stable identity, but asks who controls what we see. Yellow Magic Orchestra places that concern within a culture increasingly mediated by screens, machines and reproducible images.	Le masque technologique ne cache aucune identité stable, mais demande qui contrôle ce que nous voyons. Yellow Magic Orchestra inscrit cette inquiétude dans une culture toujours davantage médiatisée par écrans, machines et images reproductibles.
song-078	La ciudad futura se imagina desde el movimiento y la fricción, no desde una superficie perfectamente ordenada. Ryuichi Sakamoto reúne precisión electrónica, percusión y referencias transnacionales para crear un espacio que parece construirse mientras avanza.	The future city is imagined through movement and friction rather than a perfectly ordered surface. Ryuichi Sakamoto brings together electronic precision, percussion and transnational references to create a space that seems to build itself as it moves.	La ville future s’imagine par le mouvement et la friction plutôt que par une surface parfaitement ordonnée. Ryuichi Sakamoto réunit précision électronique, percussion et références transnationales dans un espace qui semble se construire en avançant.
song-079	Una comunidad puede celebrar y examinarse al mismo tiempo. Talking Heads y sus colaboradores convierten el impulso colectivo en una estructura que siempre parece crecer, como si la música descubriera nuevas reglas mientras las ejecuta.	A community can celebrate and examine itself at the same time. Talking Heads and their collaborators turn collective momentum into a structure that always seems to grow, as if the music discovered new rules while performing them.	Une communauté peut célébrer et s’examiner en même temps. Talking Heads et leurs collaborateurs transforment l’élan collectif en structure toujours croissante, comme si la musique découvrait de nouvelles règles en les exécutant.
song-080	La persecución ocurre en un paisaje donde orientación y deseo se vuelven inseparables. The Cure deja que el bosque funcione como lugar real y estado mental, prolongando la búsqueda mucho después de cualquier posible encuentro.	The pursuit unfolds in a landscape where orientation and desire become inseparable. The Cure lets the forest function as both a real place and a mental state, extending the search beyond any possible encounter.	La poursuite se déroule dans un paysage où orientation et désir deviennent inséparables. The Cure laisse la forêt fonctionner comme lieu réel et état mental, prolongeant la recherche bien au-delà de toute rencontre possible.
song-081	La historia latinoamericana se observa desde alturas que unen paisaje, violencia y continuidad cultural. Los Jaivas acercan poesía y rock sin tratar ninguna tradición como adorno, permitiendo que el duelo colectivo conserve escala humana.	Latin American history is viewed from heights joining landscape, violence and cultural continuity. Los Jaivas bring poetry and rock together without treating either tradition as ornament, allowing collective mourning to retain a human scale.	L’histoire latino-américaine est observée depuis des hauteurs reliant paysage, violence et continuité culturelle. Los Jaivas rapprochent poésie et rock sans traiter aucune tradition comme ornement, laissant au deuil collectif une échelle humaine.
song-082	La atracción se mantiene precisamente porque nunca alcanza una forma segura. New Order convierte la incertidumbre afectiva en impulso físico y deja que entusiasmo, dependencia y temor ocupen simultáneamente la pista de baile.	Attraction persists precisely because it never reaches a secure form. New Order turns emotional uncertainty into physical momentum and lets excitement, dependence and fear occupy the dance floor at once.	L’attirance persiste précisément parce qu’elle n’atteint jamais une forme sûre. New Order transforme l’incertitude affective en élan physique et laisse enthousiasme, dépendance et peur occuper simultanément la piste de danse.
song-083	Una composición guardada durante años adquiere el carácter de una conversación que pudo no haber ocurrido. Luis Alberto Spinetta trata la canción como una necesidad anterior a la industria, frágil pero ajena a la prisa.	A composition kept for years takes on the character of a conversation that might never have happened. Luis Alberto Spinetta treats song as a need preceding the industry, fragile yet untouched by urgency.	Une composition conservée pendant des années prend le caractère d’une conversation qui aurait pu ne jamais avoir lieu. Luis Alberto Spinetta traite la chanson comme un besoin antérieur à l’industrie, fragile mais étranger à l’urgence.
song-084	La ciudad costera se transforma en una superficie luminosa donde la precisión no elimina el placer. Tatsuro Yamashita hace que la sofisticación del estudio parezca una extensión natural del verano, el movimiento y la vida urbana.	The coastal city becomes a luminous surface where precision never eliminates pleasure. Tatsuro Yamashita makes studio sophistication feel like a natural extension of summer, movement and urban life.	La ville côtière devient surface lumineuse où la précision n’élimine jamais le plaisir. Tatsuro Yamashita fait de la sophistication du studio une extension naturelle de l’été, du mouvement et de la vie urbaine.
song-085	La memoria de una relación se mezcla con imágenes mediadas por la televisión y el registro doméstico. Charly García entiende que recordar ya implica editar, repetir y mirar desde una distancia que altera lo vivido.	The memory of a relationship mixes with images mediated by television and home recording. Charly García understands that remembering already means editing, replaying and looking from a distance that changes what was lived.	La mémoire d’une relation se mêle aux images médiatisées par la télévision et l’enregistrement domestique. Charly García comprend que se souvenir signifie déjà monter, répéter et regarder depuis une distance qui transforme le vécu.
song-086	Un personaje del barrio se define por sus decisiones, pero también por el entorno que limita cada salida posible. Héctor Lavoe narra sin absolver ni condenar desde lejos, dejando que el retrato conserve contradicción, humor y tragedia.	A neighborhood character is defined by his choices and by the surroundings limiting every possible exit. Héctor Lavoe narrates without absolving or condemning from afar, allowing the portrait to retain contradiction, humor and tragedy.	Un personnage du quartier se définit par ses choix autant que par l’environnement qui limite chaque issue possible. Héctor Lavoe raconte sans absoudre ni condamner de loin, laissant au portrait sa contradiction, son humour et sa tragédie.
song-087	La figura admirada encarna una autonomía económica, estética y cotidiana que el narrador observa con asombro. William Onyeabor celebra esa independencia sin convertirla en excepción exótica, situándola en el centro de una modernidad africana propia.	The admired figure embodies economic, aesthetic and everyday autonomy that the narrator regards with wonder. William Onyeabor celebrates that independence without turning it into an exotic exception, placing it at the center of an African modernity on its own terms.	La figure admirée incarne une autonomie économique, esthétique et quotidienne que le narrateur observe avec étonnement. William Onyeabor célèbre cette indépendance sans en faire une exception exotique, la plaçant au centre d’une modernité africaine propre.
song-028	La relación entre madre e hijo aparece atravesada por miedo, cuidado y una imaginación que busca reparar lo irreparable. Kate Bush aborda el duelo desde una perspectiva fantástica sin restarle peso a la pérdida concreta.	The relationship between mother and son is crossed by fear, care and an imagination seeking to repair the irreparable. Kate Bush approaches grief through fantasy without reducing the weight of concrete loss.	La relation entre mère et fils est traversée par la peur, le soin et une imagination cherchant à réparer l’irréparable. Kate Bush aborde le deuil par le fantastique sans diminuer le poids de la perte concrète.
song-029	El deseo se expresa mediante una hipótesis que altera las posiciones habituales dentro de una relación. Prince imagina otra distribución de vulnerabilidad, poder y cuidado, haciendo que la fantasía revele tanto al narrador como a la persona deseada.	Desire is expressed through a hypothesis that rearranges the usual positions within a relationship. Prince imagines another distribution of vulnerability, power and care, allowing fantasy to reveal both narrator and desired person.	Le désir s’exprime par une hypothèse qui redistribue les positions habituelles dans une relation. Prince imagine un autre partage de la vulnérabilité, du pouvoir et du soin, laissant la fantaisie révéler le narrateur autant que la personne désirée.
song-088	Después del anochecer aparecen trabajo, peligro, deseo y celebración, nunca un simple decorado. Joe Arroyo reúne esas experiencias en un relato colectivo donde la vida caribeña conserva tanto intensidad como memoria.	Night appears as a territory of work, danger, desire and celebration rather than mere scenery. Joe Arroyo gathers those experiences into a collective story where Caribbean life retains intensity and memory.	La nuit apparaît comme territoire de travail, de danger, de désir et de fête plutôt que comme simple décor. Joe Arroyo rassemble ces expériences dans un récit collectif où la vie caribéenne garde son intensité et sa mémoire.
song-089	La cultura popular se convierte en un campo de disputa sobre quién representa la realidad y quién obtiene beneficio de ella. Public Enemy responde con una obra que entiende escuchar, mirar y actuar como partes del mismo conflicto.	Popular culture becomes a contested field over who represents reality and who profits from it. Public Enemy responds with a work that treats listening, watching and acting as parts of the same conflict.	La culture populaire devient un terrain disputé autour de ceux qui représentent le réel et de ceux qui en tirent profit. Public Enemy répond par une œuvre où écouter, regarder et agir appartiennent au même conflit.
song-090	El lenguaje amoroso se vuelve textura antes de llegar a una explicación. Cocteau Twins permiten que la emoción sea comprendida por intensidad, color y movimiento, sin exigir que cada palabra entregue un significado estable.	The language of love becomes texture before it reaches explanation. Cocteau Twins allow emotion to be understood through intensity, color and movement without requiring every word to deliver a stable meaning.	Le langage amoureux devient texture avant d’atteindre l’explication. Cocteau Twins laissent l’émotion se comprendre par l’intensité, la couleur et le mouvement, sans exiger de chaque mot un sens stable.
song-091	La petición amorosa adopta el carácter de una celebración pública donde vulnerabilidad y baile pueden coexistir. Juan Luis Guerra abre la bachata hacia una escala amplia sin perder la cercanía de una voz que todavía espera respuesta.	The romantic request takes on the character of a public celebration where vulnerability and dance can coexist. Juan Luis Guerra opens bachata toward a broad scale without losing the closeness of a voice still awaiting an answer.	La demande amoureuse prend le caractère d’une fête publique où vulnérabilité et danse peuvent coexister. Juan Luis Guerra ouvre la bachata à une grande échelle sans perdre la proximité d’une voix qui attend encore une réponse.
song-035	La promesa de conexión se enfrenta a una ciudad que vuelve difícil sostenerla. Massive Attack construye una emoción enorme sin ofrecer una salida segura, haciendo que esperanza y desorientación avancen juntas.	The promise of connection faces a city that makes it difficult to sustain. Massive Attack builds an enormous emotion without offering a safe exit, allowing hope and disorientation to move together.	La promesse de connexion affronte une ville qui la rend difficile à maintenir. Massive Attack construit une émotion immense sans offrir d’issue sûre, laissant espoir et désorientation avancer ensemble.
song-092	La cercanía emocional parece llegar desde detrás de una superficie que nunca termina de abrirse. My Bloody Valentine convierte esa resistencia en parte del deseo, como si acercarse implicara aceptar también la distorsión y la distancia.	Emotional closeness seems to arrive from behind a surface that never fully opens. My Bloody Valentine makes that resistance part of desire, as if approaching meant accepting distortion and distance as well.	La proximité émotionnelle semble venir de derrière une surface qui ne s’ouvre jamais complètement. My Bloody Valentine fait de cette résistance une part du désir, comme si s’approcher impliquait d’accepter aussi distorsion et distance.
song-093	El recuerdo de la infancia no aparece como relato completo, sino como una sensación que vuelve sin avisar. Aphex Twin deja que familiaridad y extrañeza ocupen el mismo espacio, evitando que la nostalgia se vuelva cómoda.	Childhood memory appears not as a complete story, but as a sensation returning without warning. Aphex Twin lets familiarity and strangeness occupy the same space, preventing nostalgia from becoming comfortable.	Le souvenir d’enfance n’apparaît pas comme récit complet, mais comme sensation revenant sans prévenir. Aphex Twin laisse familiarité et étrangeté occuper le même espace, empêchant la nostalgie de devenir confortable.
song-094	La ausencia se convierte en una forma de presencia mantenida por la voz y la memoria. Cesária Évora canta la distancia sin teatralizarla, haciendo que la saudade sea experiencia concreta antes que emblema cultural.	Absence becomes a form of presence sustained by voice and memory. Cesária Évora sings distance without theatricalizing it, making saudade a concrete experience before a cultural emblem.	L’absence devient forme de présence soutenue par la voix et la mémoire. Cesária Évora chante la distance sans la théâtraliser, faisant de la saudade une expérience concrète avant d’être un emblème culturel.
song-095	El amor adulto se expresa como atención continua y no como una sucesión de grandes declaraciones. Sade encuentra intensidad en la confianza, el cuidado y la disposición a permanecer cuando la novedad ya no basta.	Adult love is expressed as sustained attention rather than a succession of grand declarations. Sade finds intensity in trust, care and the willingness to remain once novelty is no longer enough.	L’amour adulte s’exprime comme attention continue plutôt que comme succession de grandes déclarations. Sade trouve l’intensité dans la confiance, le soin et la volonté de rester lorsque la nouveauté ne suffit plus.
song-096	La intimidad se sostiene mediante una conversación en la que ninguna voz necesita imponerse. A Tribe Called Quest convierte la seducción en escucha mutua, equilibrio y espacio, alejándola tanto del alarde como de la prisa.	Intimacy is sustained through a conversation in which no voice needs to dominate. A Tribe Called Quest turns seduction into mutual listening, balance and space, moving it away from both boasting and haste.	L’intimité se maintient par une conversation où aucune voix n’a besoin de s’imposer. A Tribe Called Quest transforme la séduction en écoute mutuelle, équilibre et espace, loin de la vantardise comme de la précipitation.
song-097	La despedida se imagina con la elegancia de quien sabe que una forma de vida está terminando. Blur observa la transformación personal y cultural sin decidir si el futuro será liberación, pérdida o ambas cosas.	Farewell is imagined with the elegance of someone who knows a way of life is ending. Blur observes personal and cultural transformation without deciding whether the future will be liberation, loss or both.	L’adieu s’imagine avec l’élégance de celui qui sait qu’une manière de vivre se termine. Blur observe la transformation personnelle et culturelle sans décider si l’avenir sera libération, perte ou les deux.
song-098	El pasado del narrador no se presenta como prueba de autenticidad, sino como material que todavía organiza su pensamiento. Nas convierte el recuerdo local en una cartografía moral donde cada detalle modifica el presente.	The narrator’s past is presented not as proof of authenticity, but as material still organizing his thought. Nas turns local memory into a moral map where every detail changes the present.	Le passé du narrateur n’est pas présenté comme preuve d’authenticité, mais comme matière organisant encore sa pensée. Nas transforme la mémoire locale en cartographie morale où chaque détail modifie le présent.
song-099	La ambición se formula antes de que el reconocimiento público la vuelva una historia conocida. Oasis conserva aquí la urgencia de una banda que imagina su lugar en el mundo y todavía debe convencer a otros de que existe.	Ambition is formulated before public recognition turns it into a familiar story. Oasis retains the urgency of a band imagining its place in the world and still needing to convince others that it exists.	L’ambition se formule avant que la reconnaissance publique n’en fasse une histoire connue. Oasis garde l’urgence d’un groupe qui imagine sa place dans le monde et doit encore convaincre les autres de son existence.
song-100	La decisión de marcharse no elimina el vínculo ni ofrece una identidad nueva de inmediato. Portishead habita ese intervalo con una honestidad que permite escuchar autonomía, miedo y cansancio sin ordenarlos en una moraleja.	The decision to leave neither erases the bond nor immediately offers a new identity. Portishead inhabits that interval with an honesty that lets autonomy, fear and exhaustion be heard without arranging them into a moral.	La décision de partir n’efface pas le lien et n’offre pas immédiatement une nouvelle identité. Portishead habite cet intervalle avec une honnêteté qui laisse entendre autonomie, peur et épuisement sans les ordonner en morale.
song-101	El cuerpo femenino se presenta como territorio propio frente a las expectativas que buscan definirlo desde afuera. Aterciopelados combina humor y confrontación para desmontar la cortesía con la que suele disfrazarse el control.	The female body is presented as its own territory against expectations seeking to define it from outside. Aterciopelados combines humor and confrontation to dismantle the politeness in which control often disguises itself.	Le corps féminin se présente comme territoire propre face aux attentes qui cherchent à le définir de l’extérieur. Aterciopelados associe humour et confrontation pour démonter la politesse sous laquelle le contrôle se déguise souvent.
song-102	El tiempo extendido permite que una estación deje de ser medida y se vuelva entorno. Fishmans construye una experiencia donde viaje, repetición y cambio gradual importan más que cualquier destino claramente señalado.	Extended time allows a season to stop being a measure and become an environment. Fishmans builds an experience where travel, repetition and gradual change matter more than any clearly marked destination.	Le temps étendu permet à une saison de cesser d’être mesure pour devenir environnement. Fishmans construit une expérience où voyage, répétition et changement progressif comptent davantage que toute destination clairement indiquée.
song-033	La intimidad de una canción conocida cambia al ser compartida frente a un público silencioso. Soda Stereo convierte la interpretación en memoria viva, consciente de que cada pausa ya contiene la historia de quienes la escuchan.	The intimacy of a familiar song changes when shared before a silent audience. Soda Stereo turns performance into living memory, aware that every pause already contains the history of those listening.	L’intimité d’une chanson connue change lorsqu’elle est partagée devant un public silencieux. Soda Stereo transforme l’interprétation en mémoire vivante, consciente que chaque pause contient déjà l’histoire de ceux qui écoutent.
song-103	Una muestra reconocible es tratada como clima, personaje y material que puede desmontarse. Missy Elliott y Timbaland imaginan el futuro no mediante una limpieza tecnológica, sino reorganizando fragmentos del pasado hasta volverlos extraños.	A recognizable sample is treated as weather, character and material that can be dismantled. Missy Elliott and Timbaland imagine the future not through technological cleanliness, but by rearranging fragments of the past until they become strange.	Un échantillon reconnaissable devient climat, personnage et matière à démonter. Missy Elliott et Timbaland imaginent l’avenir non par une propreté technologique, mais en réorganisant des fragments du passé jusqu’à les rendre étranges.
song-104	La sofisticación no exige ocupar todo el espacio disponible. Air imagina el french touch como una experiencia de suspensión, donde el lujo procede de la paciencia, el detalle y aquello que permanece insinuado.	Sophistication does not require filling every available space. Air imagines French touch as an experience of suspension where luxury comes from patience, detail and what remains only suggested.	La sophistication n’exige pas d’occuper tout l’espace disponible. Air imagine la french touch comme expérience de suspension où le luxe vient de la patience, du détail et de ce qui reste suggéré.
song-105	El amor juvenil se toma en serio sin aislarse del ritmo acelerado de la vida cotidiana. Hikaru Utada encuentra una voz capaz de sonar cercana y moderna a la vez, cambiando las posibilidades del pop japonés de su época.	Young love is taken seriously without being isolated from the accelerated rhythm of everyday life. Hikaru Utada finds a voice able to sound intimate and modern at once, changing the possibilities of Japanese pop in her era.	L’amour adolescent est pris au sérieux sans être séparé du rythme accéléré du quotidien. Hikaru Utada trouve une voix à la fois proche et moderne, transformant les possibilités de la pop japonaise de son époque.
song-106	La ruptura se examina sin repartir inocencia y culpa de manera conveniente. Lauryn Hill sostiene el derecho a señalar el daño mientras reconoce la dificultad de abandonar una relación que también formó parte de su identidad.	The breakup is examined without distributing innocence and blame conveniently. Lauryn Hill maintains the right to name harm while recognizing the difficulty of leaving a relationship that also shaped her identity.	La rupture est examinée sans distribuer commodément innocence et faute. Lauryn Hill maintient le droit de nommer le tort tout en reconnaissant la difficulté de quitter une relation qui a aussi formé son identité.
song-107	La memoria familiar avanza mediante voces que corrigen, exageran y completan el relato. Outkast convierte la narración en un espacio comunitario donde el humor no cancela la violencia y el detalle impide la abstracción.	Family memory moves through voices that correct, exaggerate and complete the story. Outkast turns narration into a communal space where humor does not cancel violence and detail prevents abstraction.	La mémoire familiale avance par des voix qui corrigent, exagèrent et complètent le récit. Outkast transforme la narration en espace communautaire où l’humour n’annule pas la violence et où le détail empêche l’abstraction.
song-108	El desencanto se presenta con la escala de una ceremonia, como si la cultura que prometió libertad debiera enfrentar su propio agotamiento. Pulp convierte la resaca generacional en espectáculo sin confundir espectáculo con consuelo.	Disillusionment is presented on the scale of a ceremony, as if the culture that promised freedom had to face its own exhaustion. Pulp turns a generational hangover into spectacle without confusing spectacle with consolation.	Le désenchantement prend l’échelle d’une cérémonie, comme si la culture ayant promis la liberté devait affronter son propre épuisement. Pulp transforme la gueule de bois générationnelle en spectacle sans confondre spectacle et consolation.
song-109	La casa conserva la presencia de alguien ausente mediante objetos, rutinas y pequeños ruidos. Shakira observa el duelo amoroso en su dimensión doméstica, allí donde ninguna gran declaración puede evitar el regreso de la memoria.	The house preserves an absent person’s presence through objects, routines and small noises. Shakira observes romantic grief in its domestic dimension, where no grand declaration can prevent memory from returning.	La maison conserve la présence d’un absent par les objets, les habitudes et les petits bruits. Shakira observe le deuil amoureux dans sa dimension domestique, là où aucune grande déclaration ne peut empêcher le retour de la mémoire.
song-110	Un encuentro efímero adquiere la claridad de algo que siempre había estado esperando ser descubierto. Stardust resume la promesa del french touch en una idea generosa, donde repetición, memoria disco y placer colectivo se vuelven inseparables.	A fleeting encounter gains the clarity of something that had always waited to be discovered. Stardust condenses the promise of French touch into a generous idea where repetition, disco memory and collective pleasure become inseparable.	Une rencontre éphémère acquiert la clarté de quelque chose qui attendait depuis toujours d’être découvert. Stardust résume la promesse de la french touch dans une idée généreuse où répétition, mémoire disco et plaisir collectif deviennent inséparables.
song-038	La muerte se aproxima desde el deseo y el juego, sin perder por ello su peso ritual. Café Tacvba reúne tradición popular e imaginación contemporánea para hablar de intimidad con una libertad poco solemne.	Death approaches through desire and play without losing its ritual weight. Café Tacvba brings together popular tradition and contemporary imagination to speak about intimacy with an unusually unsentimental freedom.	La mort s’approche par le désir et le jeu sans perdre son poids rituel. Café Tacvba réunit tradition populaire et imagination contemporaine pour parler d’intimité avec une liberté rarement solennelle.
song-111	La prohibición amorosa no elimina el deseo, sino que lo obliga a circular mediante señales y silencios. Gustavo Cerati convierte la distancia en una forma de intensidad donde cada restricción aumenta aquello que intenta contener.	Romantic prohibition does not eliminate desire, but forces it to circulate through signs and silences. Gustavo Cerati turns distance into a form of intensity where every restriction enlarges what it tries to contain.	L’interdit amoureux n’élimine pas le désir, mais l’oblige à circuler par signes et silences. Gustavo Cerati transforme la distance en forme d’intensité où chaque restriction amplifie ce qu’elle tente de contenir.
song-112	La amenaza del fin del mundo se recibe con humor negro y una calma que vuelve más inquietante la escena. MF DOOM construye autoridad sin confesión directa, dejando que personaje, lenguaje y producción se protejan mutuamente.	The threat of the world ending is met with black humor and a calm that makes the scene more unsettling. MF DOOM builds authority without direct confession, allowing character, language and production to protect one another.	La menace de la fin du monde est accueillie avec humour noir et un calme qui rend la scène plus inquiétante. MF DOOM construit son autorité sans confession directe, laissant personnage, langage et production se protéger mutuellement.
song-113	Una frase mínima basta para abrir un espacio que parece recordar y anticipar la pista de baile a la vez. Alan Braxe y Fred Falke convierten la economía de elementos en una experiencia de expansión emocional.	A minimal phrase is enough to open a space that seems to remember and anticipate the dance floor at once. Alan Braxe and Fred Falke turn economy of means into an experience of emotional expansion.	Une phrase minimale suffit à ouvrir un espace qui semble à la fois se souvenir de la piste de danse et l’anticiper. Alan Braxe et Fred Falke transforment l’économie des moyens en expérience d’expansion émotionnelle.
song-114	El deseo adulto aparece como conversación, espera y conocimiento del otro, no como conquista. D’Angelo hace que la paciencia sea parte de la intimidad y que cada regreso tenga un significado ligeramente distinto.	Adult desire appears as conversation, waiting and knowledge of another person rather than conquest. D’Angelo makes patience part of intimacy and gives every return a slightly different meaning.	Le désir adulte apparaît comme conversation, attente et connaissance de l’autre plutôt que comme conquête. D’Angelo fait de la patience une part de l’intimité et donne à chaque retour un sens légèrement différent.
song-115	Una pregunta coloquial abre una reflexión sobre intuición, errores y aquello que la experiencia enseña fuera de cualquier escuela. Erykah Badu mantiene la sabiduría cerca de la conversación diaria y lejos de la autoridad rígida.	A casual question opens a reflection on intuition, mistakes and what experience teaches outside any school. Erykah Badu keeps wisdom close to everyday conversation and far from rigid authority.	Une question familière ouvre une réflexion sur l’intuition, les erreurs et ce que l’expérience enseigne hors de toute école. Erykah Badu maintient la sagesse près de la conversation quotidienne et loin de l’autorité rigide.
song-116	La felicidad se formula como posibilidad modesta, no como obligación ni destino final. Julieta Venegas permite que esperanza y cautela convivan, reconociendo todo lo que una persona arriesga al volver a imaginarse bien.	Happiness is framed as a modest possibility rather than an obligation or final destination. Julieta Venegas lets hope and caution coexist, recognizing everything a person risks by imagining herself well again.	Le bonheur se formule comme possibilité modeste plutôt que comme obligation ou destination finale. Julieta Venegas laisse coexister espoir et prudence, reconnaissant tout ce qu’une personne risque en s’imaginant de nouveau heureuse.
song-117	La tecnología no elimina la emoción ni la vuelve necesariamente fría. Daft Punk utiliza una superficie artificial para observar la vulnerabilidad de una conexión cuyo significado permanece en gran parte sin pronunciar.	Technology neither removes emotion nor necessarily makes it cold. Daft Punk uses an artificial surface to observe the quiet vulnerability of a connection whose meaning remains largely unspoken between two people.	La technologie ne supprime pas l’émotion et ne la rend pas nécessairement froide. Daft Punk utilise une surface artificielle pour observer la vulnérabilité d’un lien dont le sens reste largement inexprimé.
song-118	Una imagen imposible organiza una reflexión sobre ausencia, retorno y aquello que no puede comunicarse de manera directa. Radiohead confía en la lógica del sueño sin convertir el misterio en mero ornamento.	An impossible image organizes a reflection on absence, return and what cannot be communicated directly. Radiohead trusts dream logic without turning mystery into mere ornament.	Une image impossible organise une réflexion sur l’absence, le retour et ce qui ne peut se communiquer directement. Radiohead fait confiance à la logique du rêve sans transformer le mystère en simple ornement.
song-041	La confianza asociada al renacimiento del rock neoyorquino convive con una voz incapaz de acomodarse por completo dentro de ella. The Strokes encuentran humanidad en esa fricción entre imagen segura y pensamiento vacilante.	The confidence associated with New York rock’s revival coexists with a voice unable to settle fully inside it. The Strokes find humanity in the friction between a controlled image and hesitant thought.	L’assurance associée au renouveau du rock new-yorkais côtoie une voix incapable de s’y installer complètement. The Strokes trouvent de l’humanité dans la friction entre image maîtrisée et pensée hésitante.
song-042	La experiencia migrante se expresa como movimiento, conflicto y mezcla antes que como una identidad inmóvil. M.I.A. hace de la contradicción una herramienta, reuniendo referencias que el mercado y la política suelen mantener separadas.	Migrant experience is expressed as movement, conflict and mixture rather than a fixed identity. M.I.A. makes contradiction a tool, bringing together references that markets and politics usually keep apart.	L’expérience migrante s’exprime comme mouvement, conflit et mélange plutôt que comme identité immobile. M.I.A. fait de la contradiction un outil, réunissant des références que marché et politique maintiennent souvent séparées.
song-119	El territorio no funciona como fondo del relato, sino como una comunidad con historia, lenguaje y derecho a responder. Tego Calderón vincula orgullo local y crítica social sin presentar a Loíza como símbolo abstracto.	Territory functions not as narrative background, but as a community with history, language and the right to answer back. Tego Calderón joins local pride and social critique without presenting Loíza as an abstract symbol.	Le territoire ne sert pas de fond au récit, mais apparaît comme communauté dotée d’une histoire, d’une langue et du droit de répondre. Tego Calderón relie fierté locale et critique sociale sans réduire Loíza à un symbole abstrait.
song-044	El deseo entra al espacio público con una contundencia que volvió imposible fingir que el reguetón era un fenómeno marginal. Daddy Yankee concentra décadas de intercambio caribeño en un impulso inmediatamente reconocible y abierto a nuevas apropiaciones.	Reggaetón moves decisively from regional circulation into global public space. Daddy Yankee concentrates decades of Caribbean exchange into a compact signal that listeners across languages could recognize and claim.	Le désir entre dans l’espace public avec une force qui rend impossible de prétendre que le reggaetón est marginal. Daddy Yankee concentre des décennies d’échanges caribéens dans un élan immédiatement reconnaissable et ouvert à de nouvelles appropriations.
song-046	La vida nocturna se escucha desde la distancia de quien no termina de participar ni de retirarse. Burial transforma rastros de voces y ritmos colectivos en memoria urbana, marcada por todo lo que ya ocurrió fuera de cuadro.	Nightlife is heard from the distance of someone who neither fully participates nor withdraws. Burial turns traces of collective voices and rhythms into urban memory marked by everything that has already happened outside the frame.	La vie nocturne s’entend depuis la distance de celui qui ne participe ni ne se retire complètement. Burial transforme des traces de voix et de rythmes collectifs en mémoire urbaine marquée par tout ce qui s’est déjà produit hors champ.
song-045	La amistad adulta se mide contra el paso del tiempo, las decisiones tomadas y la posibilidad de terminar solo. LCD Soundsystem convierte una confesión privada en celebración colectiva sin resolver la contradicción entre ambas.	Adult friendship is measured against passing time, decisions made and the possibility of ending alone. LCD Soundsystem turns a private confession into collective celebration without resolving the contradiction between them.	L’amitié adulte se mesure au temps qui passe, aux décisions prises et à la possibilité de finir seul. LCD Soundsystem transforme une confession privée en célébration collective sans résoudre la contradiction entre les deux.
song-120	El final del día se despliega como una secuencia en dos partes, capaz de pasar de la contemplación al movimiento sin romper su continuidad. Phoenix trata el paisaje como una duración compartida y no como simple postal.	The end of the day unfolds as a two-part sequence able to move from contemplation to motion without breaking continuity. Phoenix treats landscape as a shared duration rather than a simple postcard.	La fin du jour se déploie comme une séquence en deux parties, capable de passer de la contemplation au mouvement sans rompre sa continuité. Phoenix traite le paysage comme durée partagée plutôt que comme simple carte postale.
song-047	Una relación amorosa se narra a través de épocas, monumentos y cambios de escala que vuelven insuficiente la cronología ordinaria. Frank Ocean usa esa expansión para revelar cuánto deseo y poder pueden esconderse dentro de una historia íntima.	A romantic relationship is narrated through eras, monuments and changes of scale that make ordinary chronology insufficient. Frank Ocean uses that expansion to reveal how much desire and power can hide within an intimate story.	Une relation amoureuse se raconte à travers époques, monuments et changements d’échelle qui rendent la chronologie ordinaire insuffisante. Frank Ocean utilise cette expansion pour révéler combien de désir et de pouvoir peuvent se cacher dans une histoire intime.
song-121	La narración personal se detiene antes de convertirse en triunfo y escucha las vidas que no caben en una autobiografía heroica. Kendrick Lamar enfrenta memoria, responsabilidad y supervivencia sin fingir que contar una historia basta para repararla.	Personal narrative stops before becoming triumph and listens to lives that do not fit a heroic autobiography. Kendrick Lamar faces memory, responsibility and survival without pretending that telling a story is enough to repair it.	Le récit personnel s’arrête avant de devenir triomphe et écoute les vies qui n’entrent pas dans une autobiographie héroïque. Kendrick Lamar affronte mémoire, responsabilité et survie sans prétendre que raconter une histoire suffit à les réparer.
song-049	La identidad sureña, negra y femenina ocupa el centro sin solicitar permiso ni simplificarse para una audiencia externa. Beyoncé reúne linaje, imagen pública y acción política en una declaración que también entiende el placer como poder.	Southern, Black and female identity takes center stage without asking permission or simplifying itself for an outside audience. Beyoncé brings lineage, public image and political action together in a statement that also understands pleasure as power.	L’identité sudiste, noire et féminine occupe le centre sans demander permission ni se simplifier pour un public extérieur. Beyoncé réunit lignée, image publique et action politique dans une déclaration qui comprend aussi le plaisir comme pouvoir.
song-122	La huida se siente como una decisión corporal antes de convertirse en explicación. Rosalía imagina la ruptura mediante impulso, peligro y resistencia, negándose a volver elegante una experiencia que necesita conservar aspereza.	Leaving is felt as a bodily decision before it becomes an explanation. Rosalía frames rupture through momentum and resistance, refusing to polish an experience whose emotional truth depends on friction.	La fuite se ressent comme décision corporelle avant de devenir explication. Rosalía imagine la rupture par l’élan, le danger et la résistance, refusant d’élégantiser une expérience qui doit garder son âpreté.
song-123	La afirmación de una identidad propia se vuelve celebración expansiva en lugar de defensa. SOPHIE imagina un mundo donde transformación, artificialidad y alegría no necesitan justificarse ante una idea fija de lo natural.	The affirmation of one’s identity becomes expansive celebration rather than defense. SOPHIE imagines a world where transformation, artificiality and joy need not justify themselves before a fixed idea of the natural.	L’affirmation de sa propre identité devient célébration expansive plutôt que défense. SOPHIE imagine un monde où transformation, artificialité et joie n’ont pas à se justifier devant une idée fixe du naturel.
song-124	La exposición emocional se mantiene sin la protección de una producción que oculte sus bordes. FKA twigs pregunta qué ocurre cuando ser vista no garantiza ser comprendida y la vulnerabilidad tampoco asegura reciprocidad.	Emotional exposure remains without the protection of production hiding its edges. FKA twigs asks what happens when being seen does not guarantee being understood and vulnerability does not ensure reciprocity.	L’exposition émotionnelle demeure sans la protection d’une production qui en cacherait les bords. FKA twigs demande ce qui arrive lorsque être vue ne garantit pas être comprise et que la vulnérabilité n’assure pas la réciprocité.
song-125	La historia de una mujer puertorriqueña se cuenta desde su inteligencia, trabajo y contradicciones, no desde la mirada idealizada de quien canta. Bad Bunny cede espacio al testimonio y relaciona intimidad con las condiciones políticas que la rodean.	The story of a Puerto Rican woman is told through her intelligence, work and contradictions rather than the singer’s idealizing gaze. Bad Bunny gives testimony room and connects intimacy to the political conditions surrounding it.	L’histoire d’une femme portoricaine se raconte par son intelligence, son travail et ses contradictions plutôt que par le regard idéalisant du chanteur. Bad Bunny laisse place au témoignage et relie l’intimité aux conditions politiques qui l’entourent.
song-050	La despedida se formula como un acto de cuidado que no exige borrar el vínculo. Silvana Estrada ofrece permanencia sin posesión y convierte la memoria compartida en un lugar al que puede regresarse sin negar la pérdida.	Farewell is framed as an act of care that does not require erasing the bond. Silvana Estrada offers permanence without possession and turns shared memory into a place that can be revisited without denying loss.	L’adieu se formule comme geste de soin qui n’exige pas d’effacer le lien. Silvana Estrada offre une permanence sans possession et transforme la mémoire partagée en lieu où revenir sans nier la perte.
